_key,_id,_rev,buyDate,buyerKey,buyerID,buyerName,buyerPhone,offerKey,offerRev,supplierID,supplierName,itemID,itemName,itemQty,buyQty,itemPrice,buyAmount
3a81c98f-e57d-4393-9278-8ab0bc062f06,MarketTrade/3a81c98f-e57d-4393-9278-8ab0bc062f06,_h8l1Fke---,2024-03-15,ad30fdea-efc0-4cfc-83f3-11bd6d1339e6,B02063,盧佳樺,099 51466044,7453a87f-d7ed-4fa7-95b3-782649ffe467,_hwmDeG2---,S00568,王雅玲,ME0,金絲菇-其他,28,17,59,1003
837fadcd-3b15-4150-b7ec-437f02fed6df,MarketTrade/837fadcd-3b15-4150-b7ec-437f02fed6df,_h8l1Fky---,2024-03-15,4edc62b4-9607-47f0-bd81-c032f7aaee5e,B02477,韓怡君,0986900154,7453a87f-d7ed-4fa7-95b3-782649ffe467,_hwmDeG2---,S00568,王雅玲,ME0,金絲菇-其他,28,17,59,1003
4fba08d5-80bd-4d62-a507-d6650f6414d7,MarketTrade/4fba08d5-80bd-4d62-a507-d6650f6414d7,_h8l1FlG---,2024-03-15,4edc62b4-9607-47f0-bd81-c032f7aaee5e,B02477,韓怡君,0986900154,a9bd42b5-7e14-4470-a8aa-fd619f790d3a,_hwmDeF2---,S00808,傅宜君,FF4,絲瓜-長絲瓜,34,15,11,165
22c01657-a91f-4e38-8fff-7571adae0d75,MarketTrade/22c01657-a91f-4e38-8fff-7571adae0d75,_h8l1FlW---,2024-03-15,9bb708ea-6132-4788-ae91-4c6f790b73e7,B00372,汪志豪,04-33762707,12afea19-1d3d-4dab-9620-71a6e28ddf71,_hwmDeUS---,S00463,余飛,LG8,芹菜-水耕,19,18,23,414
1c3e9e13-ba48-45d6-9ae9-ffe7eec17528,MarketTrade/1c3e9e13-ba48-45d6-9ae9-ffe7eec17528,_h8l1Flu---,2024-03-15,ce1b162a-84f4-43a5-b58d-8fb94ae6c860,B02334,董怡安,037 77086017,3d0383bb-74fb-4d37-8ad4-4ad16629e4f7,_hwmDePm---,S00761,劉淑華,FL5,豌豆-豌豆苗,38,11,118,1298
6eebf714-3369-4c4e-820c-fb61d0521ccf,MarketTrade/6eebf714-3369-4c4e-820c-fb61d0521ccf,_h8l1FmC---,2024-03-15,5bd162ed-9d82-4765-b89a-ae06c31989e1,B02355,廖詩涵,06-7106256,b1c8a2d4-803a-4cfd-b810-5d7cadb6bc16,_hwmDfSa---,S00216,潘宇軒,SK2,荸薺-加工,44,28,65,1820
b1ce4f07-e952-45be-bef0-fa64c877fcf0,MarketTrade/b1ce4f07-e952-45be-bef0-fa64c877fcf0,_h8l1FmS---,2024-03-15,5bd162ed-9d82-4765-b89a-ae06c31989e1,B02355,廖詩涵,06-7106256,986ea6e4-3b2c-498c-9cb6-a29e24a37e50,_hwmDeIS---,S00726,高家瑜,SX1,芽菜類-綠豆芽,32,30,15,450
85ef238f-31d4-4116-a8b2-1653132c64ea,MarketTrade/85ef238f-31d4-4116-a8b2-1653132c64ea,_h8l1Fmm---,2024-03-15,5bd162ed-9d82-4765-b89a-ae06c31989e1,B02355,廖詩涵,06-7106256,986ea6e4-3b2c-498c-9cb6-a29e24a37e50,_hwmDeIS---,S00726,高家瑜,SG9,大蒜-進口,31,9,160,1440
43526830-11d4-4cf2-b8c4-06b6de86813b,MarketTrade/43526830-11d4-4cf2-b8c4-06b6de86813b,_h8l1Fm6---,2024-03-15,e4585d6c-f41d-419c-a4f4-393bcc035cb6,B00526,李柏翰,057 58288423,ac1f046b-52c0-403a-a5a2-52e15e6f9b82,_hwmDfWu---,S00176,王俊傑,FL4,豌豆-豆仁,31,25,58,1450
8a5c0be0-bc72-4d54-a73d-4dc3f3c487b1,MarketTrade/8a5c0be0-bc72-4d54-a73d-4dc3f3c487b1,_h8l1FnO---,2024-03-15,e4585d6c-f41d-419c-a4f4-393bcc035cb6,B00526,李柏翰,057 58288423,6d77a3eb-b714-4ccc-9228-ec7e2633925b,_hwmDezq---,S00192,黃志偉,LB22,小白菜-蚵仔白,36,32,17,544
7a85a316-993a-4891-8ea5-8b1f0e668edf,MarketTrade/7a85a316-993a-4891-8ea5-8b1f0e668edf,_h8l1Fni---,2024-03-15,e4585d6c-f41d-419c-a4f4-393bcc035cb6,B00526,李柏翰,057 58288423,6d77a3eb-b714-4ccc-9228-ec7e2633925b,_hwmDezq---,S00192,黃志偉,LA5,甘藍-甘藍心,35,4,46,184
5d7120b3-3016-4991-b7a6-5993c3da6f0f,MarketTrade/5d7120b3-3016-4991-b7a6-5993c3da6f0f,_h8l1Fn2---,2024-03-15,aab4e58c-bf53-4f40-bb42-123fa228d926,B00504,余淑慧,003 20983058,fce99aea-4b6a-4f26-8798-c2175e23879d,_hwmDeiq---,S00831,王美玲,MI2,秀珍菇-盒裝,45,27,130,3510
7c5c8fd0-8d2f-46e8-a2bc-d4d03b29f7a0,MarketTrade/7c5c8fd0-8d2f-46e8-a2bc-d4d03b29f7a0,_h8l1FoK---,2024-03-15,103246f8-da8a-4844-b608-fcce476c2456,B01820,秦婷婷,0925-608855,12afea19-1d3d-4dab-9620-71a6e28ddf71,_hwmDeUS---,S00463,余飛,SE6,青蔥-粉蔥,18,4,30,120
d728e603-5992-4ac9-a34f-4769a2415914,MarketTrade/d728e603-5992-4ac9-a34f-4769a2415914,_h8l1Foe---,2024-03-15,103246f8-da8a-4844-b608-fcce476c2456,B01820,秦婷婷,0925-608855,986ea6e4-3b2c-498c-9cb6-a29e24a37e50,_hwmDeIS---,S00726,高家瑜,SX1,芽菜類-綠豆芽,32,2,15,30
92b77392-d499-4fb2-8973-ba76398ec1c5,MarketTrade/92b77392-d499-4fb2-8973-ba76398ec1c5,_h8l1Foy---,2024-03-15,103246f8-da8a-4844-b608-fcce476c2456,B01820,秦婷婷,0925-608855,986ea6e4-3b2c-498c-9cb6-a29e24a37e50,_hwmDeIS---,S00726,高家瑜,LI4,萵苣菜-本島尖葉,46,36,26,936
9365b666-c221-4449-b5d3-775b32a1ec86,MarketTrade/9365b666-c221-4449-b5d3-775b32a1ec86,_h8l1FpG---,2024-03-15,55931b83-e916-44d3-80e0-19194d6fbf77,B01911,李冠宇,08-8056343,f869719d-2285-420d-b6a6-118ed9cc30d0,_hwmDe6S---,S00918,傅中山,FL5,豌豆-豌豆苗,41,34,96,3264
e9b0315c-a417-470b-8972-2c020723e5de,MarketTrade/e9b0315c-a417-470b-8972-2c020723e5de,_h8l1Fpa---,2024-03-15,55931b83-e916-44d3-80e0-19194d6fbf77,B01911,李冠宇,08-8056343,02ec97ce-7606-4768-8a41-6b6efd0afc4b,_hwmDepe---,S00072,高雅芳,LI1,萵苣菜-廣東菜,34,15,11,165
c92b759c-c824-4282-93b5-f325c4f615d9,MarketTrade/c92b759c-c824-4282-93b5-f325c4f615d9,_h8l1Fpq---,2024-03-15,55931b83-e916-44d3-80e0-19194d6fbf77,B01911,李冠宇,08-8056343,02ec97ce-7606-4768-8a41-6b6efd0afc4b,_hwmDepe---,S00072,高雅芳,FY8,玉米-白龍王,15,5,18,90
360d6599-3851-4588-a105-2e1e79e8807b,MarketTrade/360d6599-3851-4588-a105-2e1e79e8807b,_h8l1Fq----,2024-03-15,55931b83-e916-44d3-80e0-19194d6fbf77,B01911,李冠宇,08-8056343,90378f9f-52a9-4067-985b-95935173171e,_hwmDfdy---,S00715,葛雅惠,FN3,敏豆-粉豆,17,13,37,481
f195df9c-2ae6-42f7-b422-1d996ea8f143,MarketTrade/f195df9c-2ae6-42f7-b422-1d996ea8f143,_h8l1FqO---,2024-03-15,0d6c1ba3-20aa-4767-aa75-9bf7c85b3619,B01560,王承翰,08-14148633,90378f9f-52a9-4067-985b-95935173171e,_hwmDfdy---,S00715,葛雅惠,MI2,秀珍菇-盒裝,19,2,130,260
13f119e5-2831-4ca7-a8e9-06cb94902280,MarketTrade/13f119e5-2831-4ca7-a8e9-06cb94902280,_h8l1Fqi---,2024-03-15,0d6c1ba3-20aa-4767-aa75-9bf7c85b3619,B01560,王承翰,08-14148633,8ac99537-acf9-4151-8588-646f403fa5bb,_hwmDemW---,S00634,劉淑貞,FD0,花胡瓜-其他,31,27,35,945
bfba9b64-2fbd-49dc-a33e-54049bada996,MarketTrade/bfba9b64-2fbd-49dc-a33e-54049bada996,_h8l1Fqy---,2024-03-15,0d6c1ba3-20aa-4767-aa75-9bf7c85b3619,B01560,王承翰,08-14148633,8ac99537-acf9-4151-8588-646f403fa5bb,_hwmDemW---,S00634,劉淑貞,SA32,蘿蔔-矸仔,40,14,15,210
bd2a2683-f79f-47ef-810e-ee575785bd37,MarketTrade/bd2a2683-f79f-47ef-810e-ee575785bd37,_h8l1FrC---,2024-03-15,ac787cbc-2d7e-43d0-88f4-d61c7f52b75c,B00401,伍美琪,02 3474882,6d77a3eb-b714-4ccc-9228-ec7e2633925b,_hwmDezq---,S00192,黃志偉,LA5,甘藍-甘藍心,35,20,46,920
0c4cc848-d004-4339-91f0-d76769a63588,MarketTrade/0c4cc848-d004-4339-91f0-d76769a63588,_h8l1FrS---,2024-03-15,ac787cbc-2d7e-43d0-88f4-d61c7f52b75c,B00401,伍美琪,02 3474882,ab3e8974-6ca6-416b-9678-f3af2b37efcb,_hwmDeTS---,S00561,王佳樺,LG8,芹菜-水耕,27,19,23,437
3617c36e-bdc4-4761-b837-0cc35df1a41c,MarketTrade/3617c36e-bdc4-4761-b837-0cc35df1a41c,_h8l1Fri---,2024-03-15,ac787cbc-2d7e-43d0-88f4-d61c7f52b75c,B00401,伍美琪,02 3474882,ab3e8974-6ca6-416b-9678-f3af2b37efcb,_hwmDeTS---,S00561,王佳樺,LG8,芹菜-水耕,27,6,23,138
e63d7079-c457-457d-80fc-5515295bfcf9,MarketTrade/e63d7079-c457-457d-80fc-5515295bfcf9,_h8l1Fr2---,2024-03-15,ac787cbc-2d7e-43d0-88f4-d61c7f52b75c,B00401,伍美琪,02 3474882,047261cb-1f62-4f43-9459-5b5b700d3cd2,_hwmDe9O---,S00127,丁信宏,SN2,蓮藕-蓮子,38,10,244,2440
340aafb7-36b3-44f2-aa8c-431d4f30944d,MarketTrade/340aafb7-36b3-44f2-aa8c-431d4f30944d,_h8l1FsG---,2024-03-15,ac787cbc-2d7e-43d0-88f4-d61c7f52b75c,B00401,伍美琪,02 3474882,047261cb-1f62-4f43-9459-5b5b700d3cd2,_hwmDe9O---,S00127,丁信宏,SB9,胡蘿蔔-進口,31,2,3,6
10a3b107-0a08-48a9-aa0b-9848b150833e,MarketTrade/10a3b107-0a08-48a9-aa0b-9848b150833e,_h8l1Fsa---,2024-03-15,ac787cbc-2d7e-43d0-88f4-d61c7f52b75c,B00401,伍美琪,02 3474882,047261cb-1f62-4f43-9459-5b5b700d3cd2,_hwmDe9O---,S00127,丁信宏,SB9,胡蘿蔔-進口,31,25,3,75
8dbeb0e8-7d75-43d5-9f8b-4e3677873a7e,MarketTrade/8dbeb0e8-7d75-43d5-9f8b-4e3677873a7e,_h8l1Fsq---,2024-03-15,a4929abf-cf17-4866-a5d3-11914dc9462c,B01192,溫志偉,04 2544585,019ff05d-21ab-4db3-bd4a-a88873381fdd,_hwmDeKC---,S00787,劉家豪,FY8,玉米-白龍王,22,11,38,418
ab32c74e-3231-404f-9010-e390c7c94e6b,MarketTrade/ab32c74e-3231-404f-9010-e390c7c94e6b,_h8l1Fs6---,2024-03-15,a4929abf-cf17-4866-a5d3-11914dc9462c,B01192,溫志偉,04 2544585,0110e3fa-9558-4e44-804a-06346aa1f525,_hwmDefW---,S00805,張雅文,SE6,青蔥-粉蔥,26,19,27,513
c9a87a01-f216-4121-ba74-c6a161689a8d,MarketTrade/c9a87a01-f216-4121-ba74-c6a161689a8d,_h8l1FtK---,2024-03-15,a4929abf-cf17-4866-a5d3-11914dc9462c,B01192,溫志偉,04 2544585,0110e3fa-9558-4e44-804a-06346aa1f525,_hwmDefW---,S00805,張雅文,LN3,油菜-油菜花,43,36,29,1044
669a4586-3304-4130-b85e-34bce33c18b2,MarketTrade/669a4586-3304-4130-b85e-34bce33c18b2,_h8l1Fte---,2024-03-15,870c708b-ed1a-4963-9f7f-d1388b6d5baa,B00510,王沖,06 6482799,539e9417-e0cd-45af-9e20-e2fd02182e1a,_hwmDeWu---,S00302,宋佳穎,FL2,豌豆-紅花,38,22,78,1716
74269660-fa25-4220-9d8c-b48de2be2587,MarketTrade/74269660-fa25-4220-9d8c-b48de2be2587,_h8l1Ft2---,2024-03-15,870c708b-ed1a-4963-9f7f-d1388b6d5baa,B00510,王沖,06 6482799,ec524bf5-90d4-4899-ad7b-7c7da0560464,_hwmDe02---,S00031,姚婷婷,FQ1,毛豆-豆莢,38,31,73,2263
f8fd9a8a-5320-4ae2-82a3-983aab9bfe0e,MarketTrade/f8fd9a8a-5320-4ae2-82a3-983aab9bfe0e,_h8l1FuG---,2024-03-15,d2f80401-93aa-444e-86c7-5c819563b54d,B02548,閻雅玲,0996-403198,73b27a9c-d7d3-4429-a380-6f87496efee9,_hwmDe7m---,S00211,畢鈺婷,SV2,蘆筍-綠蘆筍,37,18,117,2106
fdcea2ee-352a-446b-8a03-146928a70e0a,MarketTrade/fdcea2ee-352a-446b-8a03-146928a70e0a,_h8l1FuW---,2024-03-15,d2f80401-93aa-444e-86c7-5c819563b54d,B02548,閻雅玲,0996-403198,73b27a9c-d7d3-4429-a380-6f87496efee9,_hwmDe7m---,S00211,畢鈺婷,MI2,秀珍菇-盒裝,37,34,130,4420
e173df12-8f7b-42f0-85b3-59886dce7a91,MarketTrade/e173df12-8f7b-42f0-85b3-59886dce7a91,_h8l1Fuu---,2024-03-15,d013ece2-6e4e-43e2-8ee1-52618041e38e,B01557,張家瑜,0952-479645,398be2e7-f9c2-4e91-84ff-3a72eba6b6db,_hwmDeya---,S00283,曹淑華,LI1,萵苣菜-廣東菜,31,12,15,180
748ba585-eb90-4b35-b5bd-f4efadc32a9c,MarketTrade/748ba585-eb90-4b35-b5bd-f4efadc32a9c,_h8l1Fv----,2024-03-15,d013ece2-6e4e-43e2-8ee1-52618041e38e,B01557,張家瑜,0952-479645,398be2e7-f9c2-4e91-84ff-3a72eba6b6db,_hwmDeya---,S00283,曹淑華,FM2,菜豆-青色,20,15,50,750
263658d9-ab38-4797-828c-674536645756,MarketTrade/263658d9-ab38-4797-828c-674536645756,_h8l1FvO---,2024-03-15,d013ece2-6e4e-43e2-8ee1-52618041e38e,B01557,張家瑜,0952-479645,c0cdf56e-bd14-4dd3-9a65-a6c353f0b3ce,_hwmDebK---,S00815,吳家銘,SX1,芽菜類-綠豆芽,24,4,15,60
3126311c-4e60-4366-912a-abbd6a985e50,MarketTrade/3126311c-4e60-4366-912a-abbd6a985e50,_h8l1Fvm---,2024-03-15,8ed9a4b0-d9e6-4d11-8df0-91f48618426a,B01363,江佳慧,010 27154508,3d0383bb-74fb-4d37-8ad4-4ad16629e4f7,_hwmDePm---,S00761,劉淑華,FL2,豌豆-紅花,26,17,88,1496
95e069b0-0396-47d8-8814-f8234d014743,MarketTrade/95e069b0-0396-47d8-8814-f8234d014743,_h8l1Fv2---,2024-03-15,8ed9a4b0-d9e6-4d11-8df0-91f48618426a,B01363,江佳慧,010 27154508,7ad40f1a-ccc8-4a41-9200-82af92fb2e68,_hwmDeZm---,S00331,劉美玲,LC0,包心白-其他,19,9,98,882
0fca0c0b-5a94-4941-ac26-29fc88f82cf0,MarketTrade/0fca0c0b-5a94-4941-ac26-29fc88f82cf0,_h8l1FwG---,2024-03-15,8ed9a4b0-d9e6-4d11-8df0-91f48618426a,B01363,江佳慧,010 27154508,7ad40f1a-ccc8-4a41-9200-82af92fb2e68,_hwmDeZm---,S00331,劉美玲,LC0,包心白-其他,19,4,98,392
7e7add78-c0ac-440f-8251-e462d10b98f4,MarketTrade/7e7add78-c0ac-440f-8251-e462d10b98f4,_h8l1Fwa---,2024-03-15,2232efeb-6099-4fcb-9ae3-ba62c83c148b,B02095,李琬婷,086 38493655,7a67cd3e-cc07-4164-9a8a-0b665867e008,_hwmDfe6---,S00687,畢建宏,LG4,芹菜-山芹菜,35,29,37,1073
e9a774e3-9db7-451d-8143-cd462382de17,MarketTrade/e9a774e3-9db7-451d-8143-cd462382de17,_h8l1Fwq---,2024-03-15,2232efeb-6099-4fcb-9ae3-ba62c83c148b,B02095,李琬婷,086 38493655,7a67cd3e-cc07-4164-9a8a-0b665867e008,_hwmDfe6---,S00687,畢建宏,LG4,芹菜-山芹菜,35,3,37,111
ef0cdc60-c8d6-4410-a982-b53a5b388f69,MarketTrade/ef0cdc60-c8d6-4410-a982-b53a5b388f69,_h8l1Fx----,2024-03-15,0626daca-5332-4d3d-abfb-5c80f571e002,B02658,喬雅萍,03 8970383,da1c0fe8-319a-4bd8-886b-08b295ad6bbe,_hwmDera---,S00151,林婉婷,SG9,大蒜-進口,24,21,166,3486
55565701-354b-4311-a0d1-e9a704e6b394,MarketTrade/55565701-354b-4311-a0d1-e9a704e6b394,_h8l1FxO---,2024-03-15,0626daca-5332-4d3d-abfb-5c80f571e002,B02658,喬雅萍,03 8970383,6838b898-c105-4581-a03d-a81e1a5748de,_hwmDfLy---,S00631,劉雅玲,FN3,敏豆-粉豆,25,16,36,576
70f08079-bbc6-4b6c-b97b-6c5cd70aba5c,MarketTrade/70f08079-bbc6-4b6c-b97b-6c5cd70aba5c,_h8l1Fxe---,2024-03-15,0626daca-5332-4d3d-abfb-5c80f571e002,B02658,喬雅萍,03 8970383,ab3e8974-6ca6-416b-9678-f3af2b37efcb,_hwmDeTS---,S00561,王佳樺,LA5,甘藍-甘藍心,23,17,50,850
283c2e51-3435-43c3-ac7d-a1c65a0d6326,MarketTrade/283c2e51-3435-43c3-ac7d-a1c65a0d6326,_h8l1Fx2---,2024-03-15,4bcfa039-6103-4d4a-998f-58ccdcef286b,B01754,鄧宜君,019 49755544,df290ee6-9074-41cd-aaba-f50112039065,_hwmDfDe---,S00001,劉靜宜,FK5,甜椒-青椒,15,4,18,72
83c5d984-f016-443e-84f8-2dcbcfd61ea3,MarketTrade/83c5d984-f016-443e-84f8-2dcbcfd61ea3,_h8l1FyG---,2024-03-15,4bcfa039-6103-4d4a-998f-58ccdcef286b,B01754,鄧宜君,019 49755544,df290ee6-9074-41cd-aaba-f50112039065,_hwmDfDe---,S00001,劉靜宜,FN3,敏豆-粉豆,30,3,37,111
92616416-50ef-4e80-873b-ce5daffbaa56,MarketTrade/92616416-50ef-4e80-873b-ce5daffbaa56,_h8l1FyW---,2024-03-15,4bcfa039-6103-4d4a-998f-58ccdcef286b,B01754,鄧宜君,019 49755544,df290ee6-9074-41cd-aaba-f50112039065,_hwmDfDe---,S00001,劉靜宜,ME2,金絲菇-盒裝,47,22,36,792
bbc70a8e-9d03-436c-bbda-667f2b08799c,MarketTrade/bbc70a8e-9d03-436c-bbda-667f2b08799c,_h8l1Fyq---,2024-03-15,1107f5ab-504c-42c5-b4a6-a7d3303f7e06,B01335,徐雅文,(00) 82017982,da1c0fe8-319a-4bd8-886b-08b295ad6bbe,_hwmDera---,S00151,林婉婷,LA5,甘藍-甘藍心,38,10,55,550
031953b7-d32d-4a85-8614-1a05e920373a,MarketTrade/031953b7-d32d-4a85-8614-1a05e920373a,_h8l1Fy6---,2024-03-15,d7a2f83d-dc5a-4a91-b8ff-c38313e20c5b,B00215,張雅琪,0943-236908,9ad2e8cc-3a80-4e98-91b9-694a2993bb47,_hwmDe2i---,S00414,陳雅琪,SK2,荸薺-加工,32,9,65,585
b7f6b123-c40c-44f9-8073-d5dd425e91f0,MarketTrade/b7f6b123-c40c-44f9-8073-d5dd425e91f0,_h8l1FzO---,2024-03-15,1b481fae-3064-4c9f-a33b-041a37a14bcf,B01109,吳志豪,0910-123611,12ccb7db-71e4-49e5-8b36-b314782a7d70,_hwmDfOu---,S00041,陳飛,LA7,甘藍-改良尖,21,5,14,70
81d0bde0-b42c-43c2-8515-4a7be9b53b16,MarketTrade/81d0bde0-b42c-43c2-8515-4a7be9b53b16,_h8l1Fzi---,2024-03-15,1b481fae-3064-4c9f-a33b-041a37a14bcf,B01109,吳志豪,0910-123611,12ccb7db-71e4-49e5-8b36-b314782a7d70,_hwmDfOu---,S00041,陳飛,SK2,荸薺-加工,22,17,65,1105
a54c9e33-4543-4174-bcc1-9b5c64d47424,MarketTrade/a54c9e33-4543-4174-bcc1-9b5c64d47424,_h8l1Fzy---,2024-03-15,1b481fae-3064-4c9f-a33b-041a37a14bcf,B01109,吳志豪,0910-123611,12ccb7db-71e4-49e5-8b36-b314782a7d70,_hwmDfOu---,S00041,陳飛,LB22,小白菜-蚵仔白,26,9,31,279
d521fdd6-557e-4a9c-94ac-bc53277839d0,MarketTrade/d521fdd6-557e-4a9c-94ac-bc53277839d0,_h8l1F0G---,2024-03-15,1b481fae-3064-4c9f-a33b-041a37a14bcf,B01109,吳志豪,0910-123611,35a1dbd9-a8c5-4be9-aaf1-1301a8c6ef23,_hwmDekK---,S00612,張雅雯,SE6,青蔥-粉蔥,29,16,32,512
e436087c-ff3a-480f-a58e-cf27d9867cf0,MarketTrade/e436087c-ff3a-480f-a58e-cf27d9867cf0,_h8l1F0a---,2024-03-15,c7f87147-6c44-4450-b00b-4e791e8fbdbb,B02476,張傑克,07-8074875,7a67cd3e-cc07-4164-9a8a-0b665867e008,_hwmDfe6---,S00687,畢建宏,MI2,秀珍菇-盒裝,40,17,130,2210
fd9d1053-8d63-4f47-913b-90662727c651,MarketTrade/fd9d1053-8d63-4f47-913b-90662727c651,_h8l1F0u---,2024-03-15,c7f87147-6c44-4450-b00b-4e791e8fbdbb,B02476,張傑克,07-8074875,089e8f48-c5de-46d8-94c8-89bf43c6433c,_hwmDfVu---,S00928,江雅惠,LA7,甘藍-改良尖,31,21,14,294
9f81244c-db6e-42f3-b614-1181661b9e99,MarketTrade/9f81244c-db6e-42f3-b614-1181661b9e99,_h8l1F1----,2024-03-15,c7f87147-6c44-4450-b00b-4e791e8fbdbb,B02476,張傑克,07-8074875,089e8f48-c5de-46d8-94c8-89bf43c6433c,_hwmDfVu---,S00928,江雅惠,SE6,青蔥-粉蔥,23,18,51,918
5f7db48e-5ea1-429c-8e1f-0c7267d76c41,MarketTrade/5f7db48e-5ea1-429c-8e1f-0c7267d76c41,_h8l1F1S---,2024-03-15,c7f87147-6c44-4450-b00b-4e791e8fbdbb,B02476,張傑克,07-8074875,089e8f48-c5de-46d8-94c8-89bf43c6433c,_hwmDfVu---,S00928,江雅惠,LA7,甘藍-改良尖,31,17,14,238
34a11637-3dca-49d8-b446-2b5d0ea1d322,MarketTrade/34a11637-3dca-49d8-b446-2b5d0ea1d322,_h8l1F1i---,2024-03-15,c7f87147-6c44-4450-b00b-4e791e8fbdbb,B02476,張傑克,07-8074875,ec524bf5-90d4-4899-ad7b-7c7da0560464,_hwmDe02---,S00031,姚婷婷,FK5,甜椒-青椒,27,2,23,46
0e538204-eadf-454b-adc9-ca34b853ef1c,MarketTrade/0e538204-eadf-454b-adc9-ca34b853ef1c,_h8l1F1y---,2024-03-15,c7f87147-6c44-4450-b00b-4e791e8fbdbb,B02476,張傑克,07-8074875,ec524bf5-90d4-4899-ad7b-7c7da0560464,_hwmDe02---,S00031,姚婷婷,FK5,甜椒-青椒,27,3,23,69
709ee978-ce42-49c1-8581-02432f272358,MarketTrade/709ee978-ce42-49c1-8581-02432f272358,_h8l1F2G---,2024-03-15,c7f87147-6c44-4450-b00b-4e791e8fbdbb,B02476,張傑克,07-8074875,089e8f48-c5de-46d8-94c8-89bf43c6433c,_hwmDfVu---,S00928,江雅惠,LA7,甘藍-改良尖,31,19,14,266
2dd296fc-2f97-46e1-8fd0-8290bbcd98fe,MarketTrade/2dd296fc-2f97-46e1-8fd0-8290bbcd98fe,_h8l1F2e---,2024-03-15,c7f87147-6c44-4450-b00b-4e791e8fbdbb,B02476,張傑克,07-8074875,089e8f48-c5de-46d8-94c8-89bf43c6433c,_hwmDfVu---,S00928,江雅惠,LA7,甘藍-改良尖,31,9,14,126
5e84ac2f-3f81-4643-b892-266237d7d421,MarketTrade/5e84ac2f-3f81-4643-b892-266237d7d421,_h8l1F2u---,2024-03-15,c7f87147-6c44-4450-b00b-4e791e8fbdbb,B02476,張傑克,07-8074875,089e8f48-c5de-46d8-94c8-89bf43c6433c,_hwmDfVu---,S00928,江雅惠,SE6,青蔥-粉蔥,20,13,36,468
b1c89db0-04c4-4d98-a0bf-1ebecab79529,MarketTrade/b1c89db0-04c4-4d98-a0bf-1ebecab79529,_h8l1F3C---,2024-03-15,bcd77a08-a68e-4b72-b40c-451aa51954a7,B01640,張傑克,03-4236629,02ec97ce-7606-4768-8a41-6b6efd0afc4b,_hwmDepe---,S00072,高雅芳,LI1,萵苣菜-廣東菜,34,28,11,308
7cef49ab-0315-426d-9392-8168b37be585,MarketTrade/7cef49ab-0315-426d-9392-8168b37be585,_h8l1F3W---,2024-03-15,d86261b9-14a6-4737-9a8f-ff897b984564,B02227,王鈺婷,00 8207361,021d229f-552e-4421-b28d-0d3f97d4cc35,_hwmDeOq---,S00754,胡詩婷,FL5,豌豆-豌豆苗,25,16,135,2160
e43b3f8d-cbd8-42d3-a4a5-35d3df07df15,MarketTrade/e43b3f8d-cbd8-42d3-a4a5-35d3df07df15,_h8l1F3q---,2024-03-15,3f12cecb-d685-432b-ac4d-f619dcc182f5,B00754,郭雅婷,03-20170898,ab3e8974-6ca6-416b-9678-f3af2b37efcb,_hwmDeTS---,S00561,王佳樺,LG8,芹菜-水耕,27,7,23,161
858424c4-cb2a-4f8b-91b5-113fc28db2c7,MarketTrade/858424c4-cb2a-4f8b-91b5-113fc28db2c7,_h8l1F36---,2024-03-15,3f12cecb-d685-432b-ac4d-f619dcc182f5,B00754,郭雅婷,03-20170898,ab3e8974-6ca6-416b-9678-f3af2b37efcb,_hwmDeTS---,S00561,王佳樺,MI2,秀珍菇-盒裝,40,15,130,1950
6dcffef9-a9d9-4c6a-a2d2-fa9a155e1635,MarketTrade/6dcffef9-a9d9-4c6a-a2d2-fa9a155e1635,_h8l1F4K---,2024-03-15,3f12cecb-d685-432b-ac4d-f619dcc182f5,B00754,郭雅婷,03-20170898,6d77a3eb-b714-4ccc-9228-ec7e2633925b,_hwmDezq---,S00192,黃志偉,FL5,豌豆-豌豆苗,29,3,126,378
d63430b7-5a78-4ae1-bd67-7977f47312f1,MarketTrade/d63430b7-5a78-4ae1-bd67-7977f47312f1,_h8l1F4e---,2024-03-15,7cd17620-6627-40e7-949a-4681dc8d5171,B01581,李雅萍,04-1584733,986ea6e4-3b2c-498c-9cb6-a29e24a37e50,_hwmDeIS---,S00726,高家瑜,SG9,大蒜-進口,31,27,160,4320
3d9e3604-772e-4490-876b-d35daa879f52,MarketTrade/3d9e3604-772e-4490-876b-d35daa879f52,_h8l1F4q---,2024-03-15,7cd17620-6627-40e7-949a-4681dc8d5171,B01581,李雅萍,04-1584733,986ea6e4-3b2c-498c-9cb6-a29e24a37e50,_hwmDeIS---,S00726,高家瑜,SG9,大蒜-進口,31,4,160,640
14e07f4e-74f6-4254-b6d6-1dda3301f5c3,MarketTrade/14e07f4e-74f6-4254-b6d6-1dda3301f5c3,_h8l1F5----,2024-03-15,7cd17620-6627-40e7-949a-4681dc8d5171,B01581,李雅萍,04-1584733,11c7af3d-34f2-4acc-9d73-9378f14c48bb,_hwmDfaq---,S00144,張淑娟,FL2,豌豆-紅花,46,28,69,1932
25aa8b4e-7c21-4553-94e6-914b822da789,MarketTrade/25aa8b4e-7c21-4553-94e6-914b822da789,_h8l1F5S---,2024-03-15,6e03c74d-db70-4d65-b373-ea5662fb5a99,B02770,張柏翰,0993-031735,fca2754b-798d-4b7f-b964-52be10f0d2f3,_hwmDe4K---,S00016,羅佳慧,LJ3,芥菜-大芥菜,16,13,15,195
a414fd52-0dc2-4544-ba9c-17f5a7638106,MarketTrade/a414fd52-0dc2-4544-ba9c-17f5a7638106,_h8l1F5i---,2024-03-15,6e03c74d-db70-4d65-b373-ea5662fb5a99,B02770,張柏翰,0993-031735,fca2754b-798d-4b7f-b964-52be10f0d2f3,_hwmDe4K---,S00016,羅佳慧,SN2,蓮藕-蓮子,35,21,244,5124
bd30e928-5dc7-4c83-9a03-cd92ee624c2b,MarketTrade/bd30e928-5dc7-4c83-9a03-cd92ee624c2b,_h8l1F5y---,2024-03-15,6e03c74d-db70-4d65-b373-ea5662fb5a99,B02770,張柏翰,0993-031735,ffc68c52-ae14-4cc8-b599-798dcc3fd990,_hwmDfFq---,S00856,陳雅萍,FK5,甜椒-青椒,25,10,33,330
0c20a280-2d0e-4933-b7e4-2fd45addc8bd,MarketTrade/0c20a280-2d0e-4933-b7e4-2fd45addc8bd,_h8l1F6G---,2024-03-15,6028fcb6-d477-4e07-90d3-6596df20a98e,B00318,馮飛,00-68651964,8ac99537-acf9-4151-8588-646f403fa5bb,_hwmDemW---,S00634,劉淑貞,LA5,甘藍-甘藍心,15,7,45,315
66323e05-f307-46b5-81a6-67fb19140c08,MarketTrade/66323e05-f307-46b5-81a6-67fb19140c08,_h8l1F6W---,2024-03-15,6028fcb6-d477-4e07-90d3-6596df20a98e,B00318,馮飛,00-68651964,8ac99537-acf9-4151-8588-646f403fa5bb,_hwmDemW---,S00634,劉淑貞,FD0,花胡瓜-其他,31,18,35,630
e8b6e2c6-6cce-45f7-aef5-d814d656993c,MarketTrade/e8b6e2c6-6cce-45f7-aef5-d814d656993c,_h8l1F6q---,2024-03-15,6028fcb6-d477-4e07-90d3-6596df20a98e,B00318,馮飛,00-68651964,8ac99537-acf9-4151-8588-646f403fa5bb,_hwmDemW---,S00634,劉淑貞,ME2,金絲菇-盒裝,39,3,31,93
eac1b837-b920-4b9d-8c25-9619ca21fa7e,MarketTrade/eac1b837-b920-4b9d-8c25-9619ca21fa7e,_h8l1F66---,2024-03-15,6028fcb6-d477-4e07-90d3-6596df20a98e,B00318,馮飛,00-68651964,12ccb7db-71e4-49e5-8b36-b314782a7d70,_hwmDfOu---,S00041,陳飛,LB22,小白菜-蚵仔白,26,19,31,589
2b25867d-cabd-4d0d-b610-99cc4fee6a67,MarketTrade/2b25867d-cabd-4d0d-b610-99cc4fee6a67,_h8l1F7O---,2024-03-15,6028fcb6-d477-4e07-90d3-6596df20a98e,B00318,馮飛,00-68651964,398be2e7-f9c2-4e91-84ff-3a72eba6b6db,_hwmDeya---,S00283,曹淑華,FK4,甜椒-彩色種,29,26,50,1300
498d3086-95e4-4596-80de-8a7a89ad040a,MarketTrade/498d3086-95e4-4596-80de-8a7a89ad040a,_h8l1F7i---,2024-03-15,6028fcb6-d477-4e07-90d3-6596df20a98e,B00318,馮飛,00-68651964,398be2e7-f9c2-4e91-84ff-3a72eba6b6db,_hwmDeya---,S00283,曹淑華,FK4,甜椒-彩色種,29,8,50,400
7530dc7b-339c-4650-98fd-35e272a29ee3,MarketTrade/7530dc7b-339c-4650-98fd-35e272a29ee3,_h8l1F7y---,2024-03-15,2ca3f270-aff2-400a-a615-f68d20c358b4,B00012,宋佩珊,(04) 56171629,cff94a40-14f9-45fb-8adc-e72f60889649,_hwmDf_S---,S00634,劉淑貞,LJ3,芥菜-大芥菜,44,14,17,238
a7ce62e7-657d-4b92-8f16-7329f3561e7d,MarketTrade/a7ce62e7-657d-4b92-8f16-7329f3561e7d,_h8l1F8G---,2024-03-15,2ca3f270-aff2-400a-a615-f68d20c358b4,B00012,宋佩珊,(04) 56171629,cff94a40-14f9-45fb-8adc-e72f60889649,_hwmDf_S---,S00634,劉淑貞,FG0,苦瓜-其他,33,25,41,1025
0d14b0fb-725c-4909-8efd-1cf103c1147d,MarketTrade/0d14b0fb-725c-4909-8efd-1cf103c1147d,_h8l1F8W---,2024-03-15,2ca3f270-aff2-400a-a615-f68d20c358b4,B00012,宋佩珊,(04) 56171629,cff94a40-14f9-45fb-8adc-e72f60889649,_hwmDf_S---,S00634,劉淑貞,FG0,苦瓜-其他,33,10,41,410
71d269e9-9fb9-4e1e-abf2-0bcb6fb1f18f,MarketTrade/71d269e9-9fb9-4e1e-abf2-0bcb6fb1f18f,_h8l1F8m---,2024-03-15,2ca3f270-aff2-400a-a615-f68d20c358b4,B00012,宋佩珊,(04) 56171629,a9bd42b5-7e14-4470-a8aa-fd619f790d3a,_hwmDeF2---,S00808,傅宜君,FF4,絲瓜-長絲瓜,34,13,11,143
e54d8993-073d-4644-a1af-0a98bac1e0f4,MarketTrade/e54d8993-073d-4644-a1af-0a98bac1e0f4,_h8l1F86---,2024-03-15,2ca3f270-aff2-400a-a615-f68d20c358b4,B00012,宋佩珊,(04) 56171629,a9bd42b5-7e14-4470-a8aa-fd619f790d3a,_hwmDeF2---,S00808,傅宜君,FK6,甜椒-水果彩椒,35,28,28,784
785bcda6-689a-4514-91f7-44a4710ff076,MarketTrade/785bcda6-689a-4514-91f7-44a4710ff076,_h8l1F9S---,2024-03-15,a1a7c612-da7b-437b-9c9a-70a5e6d9c0c4,B02116,田馨儀,008 89548814,02ec97ce-7606-4768-8a41-6b6efd0afc4b,_hwmDepe---,S00072,高雅芳,LI1,萵苣菜-廣東菜,34,12,11,132
6d032ab1-cbe3-4e55-9203-cd7b26fe3750,MarketTrade/6d032ab1-cbe3-4e55-9203-cd7b26fe3750,_h8l1F9i---,2024-03-15,a1a7c612-da7b-437b-9c9a-70a5e6d9c0c4,B02116,田馨儀,008 89548814,02ec97ce-7606-4768-8a41-6b6efd0afc4b,_hwmDepe---,S00072,高雅芳,LI1,萵苣菜-廣東菜,34,19,11,209
034885e6-72cc-47cd-9fff-e64691fe25da,MarketTrade/034885e6-72cc-47cd-9fff-e64691fe25da,_h8l1F9y---,2024-03-15,a1a7c612-da7b-437b-9c9a-70a5e6d9c0c4,B02116,田馨儀,008 89548814,aff1e3ce-fb7a-4868-b3f0-847edd2b79e5,_hwmDfAq---,S00173,常志偉,FL5,豌豆-豌豆苗,37,23,132,3036
83a653af-c592-4606-88b5-163be63f692d,MarketTrade/83a653af-c592-4606-88b5-163be63f692d,_h8l1G-G---,2024-03-15,a1a7c612-da7b-437b-9c9a-70a5e6d9c0c4,B02116,田馨儀,008 89548814,aff1e3ce-fb7a-4868-b3f0-847edd2b79e5,_hwmDfAq---,S00173,常志偉,FL5,豌豆-豌豆苗,37,35,132,4620
a2caf4ce-02ba-470e-827b-e3cfbca09152,MarketTrade/a2caf4ce-02ba-470e-827b-e3cfbca09152,_h8l1G-W---,2024-03-15,a1a7c612-da7b-437b-9c9a-70a5e6d9c0c4,B02116,田馨儀,008 89548814,da1c0fe8-319a-4bd8-886b-08b295ad6bbe,_hwmDera---,S00151,林婉婷,SG9,大蒜-進口,24,15,166,2490
22b57fed-3ec4-4ff0-9c0b-13f258dc9fd0,MarketTrade/22b57fed-3ec4-4ff0-9c0b-13f258dc9fd0,_h8l1G-q---,2024-03-15,2858c200-12d0-446d-aff7-42bcf51d65bf,B00906,邱俊宏,0909200635,8bf54eb0-22da-44f1-aa86-84e7a34793d6,_hwmDeRy---,S00918,傅中山,SA9,蘿蔔-進口,24,4,18,72
21d1facd-7208-4f10-a545-29a014ba52d2,MarketTrade/21d1facd-7208-4f10-a545-29a014ba52d2,_h8l1G-6---,2024-03-15,2858c200-12d0-446d-aff7-42bcf51d65bf,B00906,邱俊宏,0909200635,8ac99537-acf9-4151-8588-646f403fa5bb,_hwmDemW---,S00634,劉淑貞,FD0,花胡瓜-其他,31,7,35,245
ec9daa75-3611-4b90-a418-74386a568ded,MarketTrade/ec9daa75-3611-4b90-a418-74386a568ded,_h8l1G_K---,2024-03-15,2858c200-12d0-446d-aff7-42bcf51d65bf,B00906,邱俊宏,0909200635,8ac99537-acf9-4151-8588-646f403fa5bb,_hwmDemW---,S00634,劉淑貞,LA5,甘藍-甘藍心,15,5,45,225
b88a353f-fcf0-4a69-9403-08574bb0aa41,MarketTrade/b88a353f-fcf0-4a69-9403-08574bb0aa41,_h8l1G_e---,2024-03-15,50f5f768-7ece-4cc3-ad3c-10da5da6ce03,B02418,武家銘,0989-624501,ffc68c52-ae14-4cc8-b599-798dcc3fd990,_hwmDfFq---,S00856,陳雅萍,FG0,苦瓜-其他,30,4,36,144
450ad5fd-d6a6-4bff-a4aa-844e630df0bf,MarketTrade/450ad5fd-d6a6-4bff-a4aa-844e630df0bf,_h8l1G_u---,2024-03-15,50f5f768-7ece-4cc3-ad3c-10da5da6ce03,B02418,武家銘,0989-624501,ffc68c52-ae14-4cc8-b599-798dcc3fd990,_hwmDfFq---,S00856,陳雅萍,FK5,甜椒-青椒,25,12,33,396
dc3fc075-4b51-48a9-a54e-9964a6a1e01e,MarketTrade/dc3fc075-4b51-48a9-a54e-9964a6a1e01e,_h8l1GA----,2024-03-15,50f5f768-7ece-4cc3-ad3c-10da5da6ce03,B02418,武家銘,0989-624501,089e8f48-c5de-46d8-94c8-89bf43c6433c,_hwmDfVu---,S00928,江雅惠,LA7,甘藍-改良尖,31,3,14,42
b6588bc5-bf3a-4400-853d-f37e819eb3d7,MarketTrade/b6588bc5-bf3a-4400-853d-f37e819eb3d7,_h8l1GAO---,2024-03-15,50f5f768-7ece-4cc3-ad3c-10da5da6ce03,B02418,武家銘,0989-624501,089e8f48-c5de-46d8-94c8-89bf43c6433c,_hwmDfVu---,S00928,江雅惠,SE6,青蔥-粉蔥,20,11,36,396
98ccca49-8fb2-4472-b29d-d3c125768122,MarketTrade/98ccca49-8fb2-4472-b29d-d3c125768122,_h8l1GAi---,2024-03-15,50f5f768-7ece-4cc3-ad3c-10da5da6ce03,B02418,武家銘,0989-624501,089e8f48-c5de-46d8-94c8-89bf43c6433c,_hwmDfVu---,S00928,江雅惠,SE6,青蔥-粉蔥,23,1,51,51
4ac12991-cc1a-42bb-9035-e6abcb9573d9,MarketTrade/4ac12991-cc1a-42bb-9035-e6abcb9573d9,_h8l1GAy---,2024-03-15,232a9621-0a21-4560-8489-8c2a0035d5d7,B00269,劉郁婷,076 41018278,cff94a40-14f9-45fb-8adc-e72f60889649,_hwmDf_S---,S00634,劉淑貞,LJ3,芥菜-大芥菜,44,10,17,170
c20aee8c-37f6-4d9d-883b-ecb96416bb8b,MarketTrade/c20aee8c-37f6-4d9d-883b-ecb96416bb8b,_h8l1GBG---,2024-03-15,232a9621-0a21-4560-8489-8c2a0035d5d7,B00269,劉郁婷,076 41018278,cff94a40-14f9-45fb-8adc-e72f60889649,_hwmDf_S---,S00634,劉淑貞,SG9,大蒜-進口,49,3,175,525
84ef6c70-e342-4cd0-9977-70ffb38fa2ee,MarketTrade/84ef6c70-e342-4cd0-9977-70ffb38fa2ee,_h8l1GBW---,2024-03-15,232a9621-0a21-4560-8489-8c2a0035d5d7,B00269,劉郁婷,076 41018278,cff94a40-14f9-45fb-8adc-e72f60889649,_hwmDf_S---,S00634,劉淑貞,SG9,大蒜-進口,49,26,175,4550
069812f7-a252-403a-8f9b-67345294e45c,MarketTrade/069812f7-a252-403a-8f9b-67345294e45c,_h8l1GBm---,2024-03-15,47792094-cad8-41cf-9eb4-339bc470a135,B00427,陳佳蓉,09-2146263,4764f4db-101f-4ec8-8f30-858878556262,_hwmDeeC---,S00464,張志豪,SA9,蘿蔔-進口,37,28,18,504
d5ee3083-b212-47f2-8b02-df70ffaf805e,MarketTrade/d5ee3083-b212-47f2-8b02-df70ffaf805e,_h8l1GB6---,2024-03-15,27ead41c-196a-4471-9f0f-9114cf3d131c,B02096,朱淑華,0946928113,9ad2e8cc-3a80-4e98-91b9-694a2993bb47,_hwmDe2i---,S00414,陳雅琪,LI4,萵苣菜-本島尖葉,23,21,31,651
6b0a7351-592d-445a-a804-c32d958642d0,MarketTrade/6b0a7351-592d-445a-a804-c32d958642d0,_h8l1GCO---,2024-03-15,27ead41c-196a-4471-9f0f-9114cf3d131c,B02096,朱淑華,0946928113,986ea6e4-3b2c-498c-9cb6-a29e24a37e50,_hwmDeIS---,S00726,高家瑜,LI4,萵苣菜-本島尖葉,46,2,26,52
f89380a4-17e2-4a58-aeb5-69c5c96ebf52,MarketTrade/f89380a4-17e2-4a58-aeb5-69c5c96ebf52,_h8l1GCe---,2024-03-15,2775afdf-71d3-48e9-ac0e-c353df701851,B01760,呂家豪,004 47927372,382548ef-941f-4d36-92a9-ffd4fc332450,_hwmDen6---,S00693,沈建宏,LN3,油菜-油菜花,37,2,30,60
00756a82-3cee-4a26-94db-91c2a93c5b4b,MarketTrade/00756a82-3cee-4a26-94db-91c2a93c5b4b,_h8l1GCu---,2024-03-15,95fd826a-70e4-4d45-a0d0-f2b6157e7a31,B00439,楊佳慧,07-8914238,fa3e53b0-c0f5-43a6-9c68-ff62b743159e,_hwmDfIW---,S00669,李雅萍,FY8,玉米-白龍王,37,21,37,777
4c1df47a-125b-45d6-b752-27ed7d848b7d,MarketTrade/4c1df47a-125b-45d6-b752-27ed7d848b7d,_h8l1GDC---,2024-03-15,95fd826a-70e4-4d45-a0d0-f2b6157e7a31,B00439,楊佳慧,07-8914238,986ea6e4-3b2c-498c-9cb6-a29e24a37e50,_hwmDeIS---,S00726,高家瑜,SX1,芽菜類-綠豆芽,32,18,15,270
78bac1de-dcef-4f9a-b6a7-bea3657fc7fb,MarketTrade/78bac1de-dcef-4f9a-b6a7-bea3657fc7fb,_h8l1GDS---,2024-03-15,95fd826a-70e4-4d45-a0d0-f2b6157e7a31,B00439,楊佳慧,07-8914238,986ea6e4-3b2c-498c-9cb6-a29e24a37e50,_hwmDeIS---,S00726,高家瑜,SX1,芽菜類-綠豆芽,32,18,15,270
44f14dc2-54b5-437e-b40e-e33952fb42a4,MarketTrade/44f14dc2-54b5-437e-b40e-e33952fb42a4,_h8l1GDm---,2024-03-15,d669a16f-b27f-4fca-a852-fc91704a5a79,B01976,章佳穎,0979-549283,b24d601a-7781-47be-9b4c-7006819c086a,_hwmDfQu---,S00081,楊佩珊,LC0,包心白-其他,43,41,93,3813
99e5415a-c38f-4095-b760-3bc7fe385ff4,MarketTrade/99e5415a-c38f-4095-b760-3bc7fe385ff4,_h8l1GD6---,2024-03-15,d669a16f-b27f-4fca-a852-fc91704a5a79,B01976,章佳穎,0979-549283,b24d601a-7781-47be-9b4c-7006819c086a,_hwmDfQu---,S00081,楊佩珊,LC0,包心白-其他,43,20,93,1860
77f6d38f-d898-4fa7-9800-693d0f52ca11,MarketTrade/77f6d38f-d898-4fa7-9800-693d0f52ca11,_h8l1GEO---,2024-03-15,f4bb42b3-4a4c-4491-9953-5eff1faebddb,B00200,徐佩君,06-10519923,00b0f065-b382-41c7-a9eb-74f56660651c,_hwmDeh----,S00586,張傑克,FM2,菜豆-青色,22,8,78,624
5698a454-b362-4420-8915-eaa08c3e7711,MarketTrade/5698a454-b362-4420-8915-eaa08c3e7711,_h8l1GEe---,2024-03-15,f4bb42b3-4a4c-4491-9953-5eff1faebddb,B00200,徐佩君,06-10519923,df290ee6-9074-41cd-aaba-f50112039065,_hwmDfDe---,S00001,劉靜宜,ME2,金絲菇-盒裝,47,1,36,36
d8e840d5-2d5c-441a-8fd9-0d7f5a0c1099,MarketTrade/d8e840d5-2d5c-441a-8fd9-0d7f5a0c1099,_h8l1GEu---,2024-03-15,f4bb42b3-4a4c-4491-9953-5eff1faebddb,B00200,徐佩君,06-10519923,df290ee6-9074-41cd-aaba-f50112039065,_hwmDfDe---,S00001,劉靜宜,FK5,甜椒-青椒,15,4,18,72
95a33ef5-db8e-49bf-b119-8af841f6391c,MarketTrade/95a33ef5-db8e-49bf-b119-8af841f6391c,_h8l1GF----,2024-03-15,f4bb42b3-4a4c-4491-9953-5eff1faebddb,B00200,徐佩君,06-10519923,df290ee6-9074-41cd-aaba-f50112039065,_hwmDfDe---,S00001,劉靜宜,FK4,甜椒-彩色種,24,11,79,869
9df4f3a1-ca4b-4f9d-ab88-468e210cf0f5,MarketTrade/9df4f3a1-ca4b-4f9d-ab88-468e210cf0f5,_h8l1GFO---,2024-03-15,f4bb42b3-4a4c-4491-9953-5eff1faebddb,B00200,徐佩君,06-10519923,8ac99537-acf9-4151-8588-646f403fa5bb,_hwmDemW---,S00634,劉淑貞,ME2,金絲菇-盒裝,39,25,31,775
0a0fa97c-62fb-4b8c-ac98-882c195c03d0,MarketTrade/0a0fa97c-62fb-4b8c-ac98-882c195c03d0,_h8l1GFi---,2024-03-15,f4bb42b3-4a4c-4491-9953-5eff1faebddb,B00200,徐佩君,06-10519923,8ac99537-acf9-4151-8588-646f403fa5bb,_hwmDemW---,S00634,劉淑貞,ME2,金絲菇-盒裝,39,15,31,465
d2316c68-9375-4f23-be27-b5cf3bbfa673,MarketTrade/d2316c68-9375-4f23-be27-b5cf3bbfa673,_h8l1GFy---,2024-03-15,9af264bd-c064-48f7-9634-ec24d5e5cb53,B02647,向宗翰,0920337173,00b0f065-b382-41c7-a9eb-74f56660651c,_hwmDeh----,S00586,張傑克,FM2,菜豆-青色,22,4,78,312
d45c29dd-a93e-4470-8dba-3d7d139f402b,MarketTrade/d45c29dd-a93e-4470-8dba-3d7d139f402b,_h8l1GGC---,2024-03-15,9af264bd-c064-48f7-9634-ec24d5e5cb53,B02647,向宗翰,0920337173,90378f9f-52a9-4067-985b-95935173171e,_hwmDfdy---,S00715,葛雅惠,MI2,秀珍菇-盒裝,19,6,130,780
2dce3158-9b95-4c75-b052-40b0e7f979be,MarketTrade/2dce3158-9b95-4c75-b052-40b0e7f979be,_h8l1GGS---,2024-03-15,9af264bd-c064-48f7-9634-ec24d5e5cb53,B02647,向宗翰,0920337173,90378f9f-52a9-4067-985b-95935173171e,_hwmDfdy---,S00715,葛雅惠,FN3,敏豆-粉豆,17,5,37,185
56a734f7-66a6-46eb-b185-4a525c6d1d6b,MarketTrade/56a734f7-66a6-46eb-b185-4a525c6d1d6b,_h8l1GGm---,2024-03-15,6cbb6550-a64d-4f16-a42f-93841a8bc78c,B02587,孟筱涵,0971205001,0eb07795-6086-464b-a9d2-6bcb51182b8d,_hwmDeuu---,S00373,陳雅筑,SN2,蓮藕-蓮子,19,14,244,3416
1681fff3-3ba3-43bf-b5de-e00249345895,MarketTrade/1681fff3-3ba3-43bf-b5de-e00249345895,_h8l1GG6---,2024-03-15,4a252922-e9f6-4e93-a0ad-ca3bbffc6b88,B00869,李靜怡,0927-391922,4c6fa38d-727b-45da-a739-96ed0d6698f2,_hwmDetG---,S00616,樊怡婷,FY8,玉米-白龍王,35,26,18,468
a6e0ab0f-b495-4c64-bdcb-a473af5e2073,MarketTrade/a6e0ab0f-b495-4c64-bdcb-a473af5e2073,_h8l1GHK---,2024-03-15,4a252922-e9f6-4e93-a0ad-ca3bbffc6b88,B00869,李靜怡,0927-391922,4c6fa38d-727b-45da-a739-96ed0d6698f2,_hwmDetG---,S00616,樊怡婷,SB9,胡蘿蔔-進口,26,7,3,21
41016bae-25c6-457b-8a44-0946529929a9,MarketTrade/41016bae-25c6-457b-8a44-0946529929a9,_h8l1GHa---,2024-03-15,4a252922-e9f6-4e93-a0ad-ca3bbffc6b88,B00869,李靜怡,0927-391922,4c6fa38d-727b-45da-a739-96ed0d6698f2,_hwmDetG---,S00616,樊怡婷,SB9,胡蘿蔔-進口,26,19,3,57
8a6a1bc8-535e-4060-879c-65cf4bd37e11,MarketTrade/8a6a1bc8-535e-4060-879c-65cf4bd37e11,_h8l1GHu---,2024-03-15,4a252922-e9f6-4e93-a0ad-ca3bbffc6b88,B00869,李靜怡,0927-391922,b24d601a-7781-47be-9b4c-7006819c086a,_hwmDfQu---,S00081,楊佩珊,LC0,包心白-其他,43,34,93,3162
3dbdc2e5-cc6c-4db9-af0f-d5d12769af75,MarketTrade/3dbdc2e5-cc6c-4db9-af0f-d5d12769af75,_h8l1GIC---,2024-03-15,0907363e-4489-45d8-8e15-36a06708dc63,B00059,張俊宏,0988869309,398be2e7-f9c2-4e91-84ff-3a72eba6b6db,_hwmDeya---,S00283,曹淑華,FK4,甜椒-彩色種,29,15,50,750
47c65c5c-7777-4551-b6be-bb501a299915,MarketTrade/47c65c5c-7777-4551-b6be-bb501a299915,_h8l1GIS---,2024-03-15,5ad7ae86-b5b0-4db8-92df-aa8c2e9a0361,B02716,孫家瑜,04 9204536,df290ee6-9074-41cd-aaba-f50112039065,_hwmDfDe---,S00001,劉靜宜,FK4,甜椒-彩色種,24,1,79,79
e9556a3f-52cc-41a9-a0e4-da7dac93a42c,MarketTrade/e9556a3f-52cc-41a9-a0e4-da7dac93a42c,_h8l1GIm---,2024-03-15,5ad7ae86-b5b0-4db8-92df-aa8c2e9a0361,B02716,孫家瑜,04 9204536,df290ee6-9074-41cd-aaba-f50112039065,_hwmDfDe---,S00001,劉靜宜,ME2,金絲菇-盒裝,47,11,36,396
8cf83639-dd6e-468c-8059-c0ff42df2b32,MarketTrade/8cf83639-dd6e-468c-8059-c0ff42df2b32,_h8l1GJ----,2024-03-15,5ad7ae86-b5b0-4db8-92df-aa8c2e9a0361,B02716,孫家瑜,04 9204536,df290ee6-9074-41cd-aaba-f50112039065,_hwmDfDe---,S00001,劉靜宜,FK5,甜椒-青椒,15,13,18,234
b64537a9-b8be-400c-8313-565d87c32be8,MarketTrade/b64537a9-b8be-400c-8313-565d87c32be8,_h8l1GJS---,2024-03-15,2d34a413-fa3f-4fd1-99b1-5fb78b1c4b08,B00136,謝淑華,027 64574860,8bf54eb0-22da-44f1-aa86-84e7a34793d6,_hwmDeRy---,S00918,傅中山,SA9,蘿蔔-進口,24,19,18,342
ce485277-3b78-47e0-a654-0c4ee6454ea7,MarketTrade/ce485277-3b78-47e0-a654-0c4ee6454ea7,_h8l1GJi---,2024-03-15,2d34a413-fa3f-4fd1-99b1-5fb78b1c4b08,B00136,謝淑華,027 64574860,3886ca65-0faa-4958-aec8-81d39abfe1c3,_hwmDece---,S00306,徐家銘,MI2,秀珍菇-盒裝,31,21,130,2730
3f28e4c1-8810-490a-8623-9cdcd88ad08a,MarketTrade/3f28e4c1-8810-490a-8623-9cdcd88ad08a,_h8l1GJ2---,2024-03-15,2d34a413-fa3f-4fd1-99b1-5fb78b1c4b08,B00136,謝淑華,027 64574860,3886ca65-0faa-4958-aec8-81d39abfe1c3,_hwmDece---,S00306,徐家銘,MI2,秀珍菇-盒裝,31,30,130,3900
c9d3b0a9-314f-4c06-85c7-d55e760ef6b9,MarketTrade/c9d3b0a9-314f-4c06-85c7-d55e760ef6b9,_h8l1GKG---,2024-03-15,7012fa48-5c3b-4ef1-bdf0-50d20d3659ef,B02552,黃雅惠,0933420032,0110e3fa-9558-4e44-804a-06346aa1f525,_hwmDefW---,S00805,張雅文,FT0,南瓜-其他,24,16,20,320
67d467c4-dfab-436e-9e0d-f0a6e0e24559,MarketTrade/67d467c4-dfab-436e-9e0d-f0a6e0e24559,_h8l1GKa---,2024-03-15,7012fa48-5c3b-4ef1-bdf0-50d20d3659ef,B02552,黃雅惠,0933420032,047261cb-1f62-4f43-9459-5b5b700d3cd2,_hwmDe9O---,S00127,丁信宏,SV2,蘆筍-綠蘆筍,46,19,206,3914
79ac1a77-6973-48a0-8129-abc725faed0c,MarketTrade/79ac1a77-6973-48a0-8129-abc725faed0c,_h8l1GKq---,2024-03-15,7012fa48-5c3b-4ef1-bdf0-50d20d3659ef,B02552,黃雅惠,0933420032,047261cb-1f62-4f43-9459-5b5b700d3cd2,_hwmDe9O---,S00127,丁信宏,SN2,蓮藕-蓮子,38,13,244,3172
8996382c-b41b-4863-a76e-d1dec2b5c348,MarketTrade/8996382c-b41b-4863-a76e-d1dec2b5c348,_h8l1GL----,2024-03-15,55dd7ba2-32cc-4b90-9d1f-11940c8168d3,B00890,蘇沖,045 80739308,a9bd42b5-7e14-4470-a8aa-fd619f790d3a,_hwmDeF2---,S00808,傅宜君,FK6,甜椒-水果彩椒,35,28,28,784
e0b0ecaf-8260-4f49-9a58-10c2c65e2ee6,MarketTrade/e0b0ecaf-8260-4f49-9a58-10c2c65e2ee6,_h8l1GLO---,2024-03-15,55dd7ba2-32cc-4b90-9d1f-11940c8168d3,B00890,蘇沖,045 80739308,a9bd42b5-7e14-4470-a8aa-fd619f790d3a,_hwmDeF2---,S00808,傅宜君,FF4,絲瓜-長絲瓜,34,22,11,242
bb880539-19c7-4204-a3af-02c4a303140a,MarketTrade/bb880539-19c7-4204-a3af-02c4a303140a,_h8l1GLi---,2024-03-15,519981db-657d-4cc4-a6b0-1b0163e00552,B02889,李建宏,0975376195,f869719d-2285-420d-b6a6-118ed9cc30d0,_hwmDe6S---,S00918,傅中山,FQ1,毛豆-豆莢,15,11,50,550
5a1363c5-9b9d-423a-84a4-c1791e89694a,MarketTrade/5a1363c5-9b9d-423a-84a4-c1791e89694a,_h8l1GL2---,2024-03-15,a9fe9241-e185-44e4-8313-3415986bf90f,B01405,文雅琪,0950639245,09bd5273-fcb6-4dae-aeb7-f17d483675d8,_hwmDeQm---,S00959,劉琬婷,FV4,辣椒-朝天椒,49,2,60,120
5f9af469-fc2e-4bba-bd81-2ad6fc56b19f,MarketTrade/5f9af469-fc2e-4bba-bd81-2ad6fc56b19f,_h8l1GMG---,2024-03-15,a9fe9241-e185-44e4-8313-3415986bf90f,B01405,文雅琪,0950639245,a8296e2e-bba5-40b9-9c13-1606e3ad5f4f,_hwmDfcK---,S00648,莊家豪,LA5,甘藍-甘藍心,17,2,60,120
4465f25d-04fd-4818-b93b-6aacb408f759,MarketTrade/4465f25d-04fd-4818-b93b-6aacb408f759,_h8l1GMW---,2024-03-15,a9fe9241-e185-44e4-8313-3415986bf90f,B01405,文雅琪,0950639245,a8296e2e-bba5-40b9-9c13-1606e3ad5f4f,_hwmDfcK---,S00648,莊家豪,LA5,甘藍-甘藍心,17,4,60,240
b60ce747-3ed7-4c94-abd0-fd00863e15a5,MarketTrade/b60ce747-3ed7-4c94-abd0-fd00863e15a5,_h8l1GMm---,2024-03-15,fa6814a7-1913-4a55-98c6-32547e58e08f,B00764,趙家瑜,0989-856474,90378f9f-52a9-4067-985b-95935173171e,_hwmDfdy---,S00715,葛雅惠,FK4,甜椒-彩色種,15,5,52,260
8768a34b-fb04-4021-bd63-b16c33b30580,MarketTrade/8768a34b-fb04-4021-bd63-b16c33b30580,_h8l1GN----,2024-03-15,fa6814a7-1913-4a55-98c6-32547e58e08f,B00764,趙家瑜,0989-856474,90378f9f-52a9-4067-985b-95935173171e,_hwmDfdy---,S00715,葛雅惠,SG9,大蒜-進口,47,28,169,4732
