_key,_id,_rev,offerDate,tradeRev,tradeKey,secureParties,secureTrade,tradeLink
7d5909bd-9343-4435-af67-af596da0cc53,TradeBlockChain/7d5909bd-9343-4435-af67-af596da0cc53,_h8mirLi---,2024-03-15,_h8l1F8m---,71d269e9-9fb9-4e1e-abf2-0bcb6fb1f18f,863282ae19571ffa5f7c1c9b7923a29b029e928d2ae3faf3a4ab784bd49b9b44,28dccaa06e1f05d1e5a01778b11397356f8bd5ae1a9f6dd37c25654bad6f4dd9,HEAD
84880eb3-2bfd-433c-b243-e4415b754884,TradeBlockChain/84880eb3-2bfd-433c-b243-e4415b754884,_h8mirLm---,2024-03-15,_h8l1F8G---,a7ce62e7-657d-4b92-8f16-7329f3561e7d,9a2818d0a3968cd0a6ad7b5e3de83fd68aa133d7c2757ab988ca778b9b67b4e0,f968d0b72111c3a20aec7cd37652883b72c54f547365c4aa92b54f17dc41805a,71d269e9-9fb9-4e1e-abf2-0bcb6fb1f18f
037b65c6-4c68-403d-8e03-4c9d4aab7918,TradeBlockChain/037b65c6-4c68-403d-8e03-4c9d4aab7918,_h8mirLu---,2024-03-15,_h8l1F8W---,0d14b0fb-725c-4909-8efd-1cf103c1147d,9a2818d0a3968cd0a6ad7b5e3de83fd68aa133d7c2757ab988ca778b9b67b4e0,a40e2629823b151215e70b21b065a4a88e1068efb490a6a8e14f9333b7e3f9e9,a7ce62e7-657d-4b92-8f16-7329f3561e7d
4d5fbb6e-8fdb-40c9-83ab-d77b0ba12507,TradeBlockChain/4d5fbb6e-8fdb-40c9-83ab-d77b0ba12507,_h8mirLy---,2024-03-15,_h8l1F86---,e54d8993-073d-4644-a1af-0a98bac1e0f4,863282ae19571ffa5f7c1c9b7923a29b029e928d2ae3faf3a4ab784bd49b9b44,6f094bd357bcb69fd8c28a5ec2377b8336bc50e13f91a1899dfad440b51c8ba9,0d14b0fb-725c-4909-8efd-1cf103c1147d
8afe4fe1-3b96-4e84-b710-a875859a391e,TradeBlockChain/8afe4fe1-3b96-4e84-b710-a875859a391e,_h8mirL2---,2024-03-15,_h8l1F7y---,7530dc7b-339c-4650-98fd-35e272a29ee3,9a2818d0a3968cd0a6ad7b5e3de83fd68aa133d7c2757ab988ca778b9b67b4e0,6f4641e71ff2aea69fe9e9d589431ae80fb310e4f21d5f5a88855dfd2bcacb30,e54d8993-073d-4644-a1af-0a98bac1e0f4
8f28bbc9-a93b-4c3d-b11e-e0f0e91ba690,TradeBlockChain/8f28bbc9-a93b-4c3d-b11e-e0f0e91ba690,_h8mirL6---,2024-03-15,_h8l1GIC---,3dbdc2e5-cc6c-4db9-af0f-d5d12769af75,dbc06e6a62a5444f202c37e0a5525dc802775afddb9da6241102954f6a602c11,d28a6c4a74020adcb06af96bf416ddce0c9ce0b4f8434185e05b529e65ead90a,7530dc7b-339c-4650-98fd-35e272a29ee3
15ef02bb-5897-438a-80f4-7a43501a9530,TradeBlockChain/15ef02bb-5897-438a-80f4-7a43501a9530,_h8mirMC---,2024-03-15,_h8l1GJ2---,3f28e4c1-8810-490a-8623-9cdcd88ad08a,57001fe9d811bb83a938d4c520037fa94d8156018c19c52963d828525c87b0bb,bdce9c62fe7c328c5864151574edcb00386b4584ad4e7a66007f020b1741f554,3dbdc2e5-cc6c-4db9-af0f-d5d12769af75
05ea7904-d34a-4743-8d89-c76f9fc7e931,TradeBlockChain/05ea7904-d34a-4743-8d89-c76f9fc7e931,_h8mirMG---,2024-03-15,_h8l1GJi---,ce485277-3b78-47e0-a654-0c4ee6454ea7,57001fe9d811bb83a938d4c520037fa94d8156018c19c52963d828525c87b0bb,a92b5426711584a92f1aab7b07a1a9accb9927bee0be4b90bad12effaa6c3c13,3f28e4c1-8810-490a-8623-9cdcd88ad08a
0c532db0-41c6-48fa-baf5-d6cd8f17b48d,TradeBlockChain/0c532db0-41c6-48fa-baf5-d6cd8f17b48d,_h8mirMK---,2024-03-15,_h8l1GJS---,b64537a9-b8be-400c-8313-565d87c32be8,cdfdfa64bea58b63bd7e8ee37c15a0f3c4eb903236cba79366ebdd377a7240b7,d4f0ce87d51699a0071fe5621b3f54976bab00d8308a6bc430526fb0106f8bed,ce485277-3b78-47e0-a654-0c4ee6454ea7
3ca9fc46-ab79-4786-90b9-4461af50ce5e,TradeBlockChain/3ca9fc46-ab79-4786-90b9-4461af50ce5e,_h8mirMS---,2024-03-15,_h8l1GF----,95a33ef5-db8e-49bf-b119-8af841f6391c,4edb1c5b343d042cc8a59b94db6462fc6641fb7eb72e533c12f0de5a410f3886,2d46a6753b4451de98fcbf68ea7c0fba362876e139a9a8d236898dde88f75eea,b64537a9-b8be-400c-8313-565d87c32be8
79a54451-ddb4-4916-87b1-1a1cd78de4f4,TradeBlockChain/79a54451-ddb4-4916-87b1-1a1cd78de4f4,_h8mirMW---,2024-03-15,_h8l1GEu---,d8e840d5-2d5c-441a-8fd9-0d7f5a0c1099,4edb1c5b343d042cc8a59b94db6462fc6641fb7eb72e533c12f0de5a410f3886,247f5e9a2b744b02642217e358378f49c7138aac256f33633f080a9e17f7ddcc,95a33ef5-db8e-49bf-b119-8af841f6391c
f9a234b0-958c-4c5e-9d0b-973c97e97ca2,TradeBlockChain/f9a234b0-958c-4c5e-9d0b-973c97e97ca2,_h8mirMa---,2024-03-15,_h8l1GEO---,77f6d38f-d898-4fa7-9800-693d0f52ca11,af1655632518b7801ff62031dccf5d45bb139382e21ef52a7e8487346fb84945,4defa0d601addc76b7306f11a114c29bd395f5c80f23ade68b0994e26da059b1,d8e840d5-2d5c-441a-8fd9-0d7f5a0c1099
0ef6f781-5f00-49e3-ac18-50fb00d6d103,TradeBlockChain/0ef6f781-5f00-49e3-ac18-50fb00d6d103,_h8mirMi---,2024-03-15,_h8l1GEe---,5698a454-b362-4420-8915-eaa08c3e7711,4edb1c5b343d042cc8a59b94db6462fc6641fb7eb72e533c12f0de5a410f3886,90b40a9341935db703301a62c90df60b48fdd3af9e0a7ca34a609eb72eb8de80,77f6d38f-d898-4fa7-9800-693d0f52ca11
aa98d4e6-e387-48ef-88c2-746c4269b6c6,TradeBlockChain/aa98d4e6-e387-48ef-88c2-746c4269b6c6,_h8mirMm---,2024-03-15,_h8l1GFi---,0a0fa97c-62fb-4b8c-ac98-882c195c03d0,32c134abdf932e7a8464f0f669998a95bc1992d82f1a5abec18f68f29a76dae0,abde14d7084589ccc7e49a3ff3d7139a4f425c6932b401e1d8befd90ac978267,5698a454-b362-4420-8915-eaa08c3e7711
c2aae4f8-d135-444c-af21-83c4e78ec8cf,TradeBlockChain/c2aae4f8-d135-444c-af21-83c4e78ec8cf,_h8mirMq---,2024-03-15,_h8l1GFO---,9df4f3a1-ca4b-4f9d-ab88-468e210cf0f5,32c134abdf932e7a8464f0f669998a95bc1992d82f1a5abec18f68f29a76dae0,89323f89b20ab0f85efb9f6c3ae06cb261c68765bf6f8b17028fcb4c52ded4c3,0a0fa97c-62fb-4b8c-ac98-882c195c03d0
aa5eafb3-181d-406c-b1eb-e7be2f26cbdf,TradeBlockChain/aa5eafb3-181d-406c-b1eb-e7be2f26cbdf,_h8mirMu---,2024-03-15,_h8l1Fy6---,031953b7-d32d-4a85-8614-1a05e920373a,5f6855d4066ab57c154433cd83f1853200e1305c66b5660a7eec3a6c8bbe1430,7b1dcf2d7ff1092b6e6bcff6bb9a5deaa81df34b24b64150990758cb942a9790,9df4f3a1-ca4b-4f9d-ab88-468e210cf0f5
8d60b715-bc52-43f5-81fd-11f4138c3127,TradeBlockChain/8d60b715-bc52-43f5-81fd-11f4138c3127,_h8mirMy---,2024-03-15,_h8l1GAy---,4ac12991-cc1a-42bb-9035-e6abcb9573d9,0a8d1fea37d7c557829bc4d9aec08c478f90e019688817e4e11ab6cd15b94cf0,abc3efdc74a2088631886f3865881fb07f5eb851070cd151c5140874ee7ea469,031953b7-d32d-4a85-8614-1a05e920373a
492a44d1-e4ea-4d2e-928e-c428c402150b,TradeBlockChain/492a44d1-e4ea-4d2e-928e-c428c402150b,_h8mirM6---,2024-03-15,_h8l1GBG---,c20aee8c-37f6-4d9d-883b-ecb96416bb8b,0a8d1fea37d7c557829bc4d9aec08c478f90e019688817e4e11ab6cd15b94cf0,d12a565d8f2bbfdcb12afc83c9f0aead06e125d37bb1626ee56be7a319adcc22,4ac12991-cc1a-42bb-9035-e6abcb9573d9
6262a3f9-523b-494c-bc74-45f5fe742d7a,TradeBlockChain/6262a3f9-523b-494c-bc74-45f5fe742d7a,_h8mirN----,2024-03-15,_h8l1GBW---,84ef6c70-e342-4cd0-9977-70ffb38fa2ee,0a8d1fea37d7c557829bc4d9aec08c478f90e019688817e4e11ab6cd15b94cf0,60d40ed4ae161c2581a44f73f901c487902f6d9c59ee464d29eda5e3632d0d14,c20aee8c-37f6-4d9d-883b-ecb96416bb8b
4d1302ec-097c-494d-a25a-892b659710d2,TradeBlockChain/4d1302ec-097c-494d-a25a-892b659710d2,_h8mirNC---,2024-03-15,_h8l1F6W---,66323e05-f307-46b5-81a6-67fb19140c08,ac6bbbd072bd161e39ef266126a0bd2b729b6870775b3cc2db0aa24a2a0164b3,a060068414a27a30e4fa40e838e3ee5cc002595cafec05b4d78d1f701dd465fb,84ef6c70-e342-4cd0-9977-70ffb38fa2ee
dc009f4c-d709-4671-af97-e1eee8d5f671,TradeBlockChain/dc009f4c-d709-4671-af97-e1eee8d5f671,_h8mirNG---,2024-03-15,_h8l1F7O---,2b25867d-cabd-4d0d-b610-99cc4fee6a67,2fb94bc1cd24baca56f8e41d268afda68431decbf413b8b85d0c698df66bd547,defd66705dd5725e63ce71d56084dd12753b9faf0284f1bd2bf7b69306f8656f,66323e05-f307-46b5-81a6-67fb19140c08
2c4ef3d1-8b03-4489-8a7e-332e9470e7d0,TradeBlockChain/2c4ef3d1-8b03-4489-8a7e-332e9470e7d0,_h8mirNK---,2024-03-15,_h8l1F7i---,498d3086-95e4-4596-80de-8a7a89ad040a,2fb94bc1cd24baca56f8e41d268afda68431decbf413b8b85d0c698df66bd547,e786283674f793a978efe4bd5b61517f9c6885b18551aedc97dfbd22a70c5239,2b25867d-cabd-4d0d-b610-99cc4fee6a67
04ff348b-6747-4e82-888a-8ffa9fbf8c3b,TradeBlockChain/04ff348b-6747-4e82-888a-8ffa9fbf8c3b,_h8mirNS---,2024-03-15,_h8l1F6G---,0c20a280-2d0e-4933-b7e4-2fd45addc8bd,ac6bbbd072bd161e39ef266126a0bd2b729b6870775b3cc2db0aa24a2a0164b3,96441dfa19a0e2e64c7523267649cc8294f656fd1acdb95fb853ed5328b1d2f6,498d3086-95e4-4596-80de-8a7a89ad040a
91f926ec-80b5-422a-adf1-97c2014a5cb9,TradeBlockChain/91f926ec-80b5-422a-adf1-97c2014a5cb9,_h8mirNW---,2024-03-15,_h8l1F66---,eac1b837-b920-4b9d-8c25-9619ca21fa7e,50560042474d71af817956d78489ae4692304fbb0e0319db73f9711dace31ef8,faa92d4df7adf6270c539c843070b444027722e8df4769f1730798b0a8a24383,0c20a280-2d0e-4933-b7e4-2fd45addc8bd
1245feae-c2d2-421a-8f9e-82cf5794dc33,TradeBlockChain/1245feae-c2d2-421a-8f9e-82cf5794dc33,_h8mirNa---,2024-03-15,_h8l1F6q---,e8b6e2c6-6cce-45f7-aef5-d814d656993c,ac6bbbd072bd161e39ef266126a0bd2b729b6870775b3cc2db0aa24a2a0164b3,e69345841377c2bce3ff4fba078f1dca9bf4bac233a9567eace5d0653a14eec9,eac1b837-b920-4b9d-8c25-9619ca21fa7e
ddaf896f-c2de-4856-a06e-79fb560234a1,TradeBlockChain/ddaf896f-c2de-4856-a06e-79fb560234a1,_h8mirNq---,2024-03-15,_h8l1FlW---,22c01657-a91f-4e38-8fff-7571adae0d75,b331ac6bc1da1f614f3c90be1cf6219c4246b1ec2378796c672549162c82c12f,0970f5ab53397c14d292d31c765aa175f4afdd958c60d0fa3825abd91e136ed8,e8b6e2c6-6cce-45f7-aef5-d814d656993c
6eafa99c-e12d-4649-bc44-639d87e0a96f,TradeBlockChain/6eafa99c-e12d-4649-bc44-639d87e0a96f,_h8mirNu---,2024-03-15,_h8l1FrC---,bd2a2683-f79f-47ef-810e-ee575785bd37,49fc07276b05154db9416f339ff673de5c384b63858943e6ac8be01315db80c3,4f7438e436ab9fcd96a53e38c41923702854b27f35a22b62524936e739459466,22c01657-a91f-4e38-8fff-7571adae0d75
96ad1d05-8f25-405e-aa7b-b56c316e40d0,TradeBlockChain/96ad1d05-8f25-405e-aa7b-b56c316e40d0,_h8mirNy---,2024-03-15,_h8l1FrS---,0c4cc848-d004-4339-91f0-d76769a63588,61862f2b585c3292b9c6bf2788a4a0e737210559278524cadc5b7b0bd1935589,9dd2e88e85f761134db2f402296894ddffdccb5b85e294220566819da39c371d,bd2a2683-f79f-47ef-810e-ee575785bd37
6cd86868-f54c-407c-8359-cb7bc03468de,TradeBlockChain/6cd86868-f54c-407c-8359-cb7bc03468de,_h8mirN2---,2024-03-15,_h8l1Fri---,3617c36e-bdc4-4761-b837-0cc35df1a41c,61862f2b585c3292b9c6bf2788a4a0e737210559278524cadc5b7b0bd1935589,0031813ffa93ebbebf414393038d1b3bada2eb12c88db30fa21a34b4d6886ad3,0c4cc848-d004-4339-91f0-d76769a63588
b7e4a588-c6c1-49e1-836f-ae6ace14b80e,TradeBlockChain/b7e4a588-c6c1-49e1-836f-ae6ace14b80e,_h8mirO----,2024-03-15,_h8l1FsG---,340aafb7-36b3-44f2-aa8c-431d4f30944d,608dd230e1a3a2a5aaefbe00f8c65f7bddb208a0e627e73295dba5bbe009cfdc,de745e8e4d269412c2bed97fc133221c7019dfff188c8646c83812aeeeec8a9b,3617c36e-bdc4-4761-b837-0cc35df1a41c
bce2c692-4456-4324-9770-2912b45959bb,TradeBlockChain/bce2c692-4456-4324-9770-2912b45959bb,_h8mirOC---,2024-03-15,_h8l1Fsa---,10a3b107-0a08-48a9-aa0b-9848b150833e,608dd230e1a3a2a5aaefbe00f8c65f7bddb208a0e627e73295dba5bbe009cfdc,7f5066642cc77c4079db6bb50b38bdd4869d5aab4f8f60d4359678e1230b98cd,340aafb7-36b3-44f2-aa8c-431d4f30944d
fc68bfce-2aa0-4d54-bcdc-991819dea736,TradeBlockChain/fc68bfce-2aa0-4d54-bcdc-991819dea736,_h8mirOK---,2024-03-15,_h8l1Fr2---,e63d7079-c457-457d-80fc-5515295bfcf9,608dd230e1a3a2a5aaefbe00f8c65f7bddb208a0e627e73295dba5bbe009cfdc,0cd2ad94c22976a84e4fcdb9a3b69060e12b9bad9f53127839cdeb70f0e37633,10a3b107-0a08-48a9-aa0b-9848b150833e
ec7b908e-a0af-46f3-a39f-626d094a9f1e,TradeBlockChain/ec7b908e-a0af-46f3-a39f-626d094a9f1e,_h8mirOO---,2024-03-15,_h8l1GBm---,069812f7-a252-403a-8f9b-67345294e45c,e427ec6f13e28e87a636bc4ce79ea2de7c1c27a8efadd426926b65b085ddc2ee,5aa38f8b21a315c9ba748b76d1b21981d07d2a0459e2c2a79155c3fac582d4db,e63d7079-c457-457d-80fc-5515295bfcf9
04f68cc2-b9bb-47c6-8e39-df9187558899,TradeBlockChain/04f68cc2-b9bb-47c6-8e39-df9187558899,_h8mirOS---,2024-03-15,_h8l1GCu---,00756a82-3cee-4a26-94db-91c2a93c5b4b,9afe7d228c0e069bccf228889a68bc3f41ad9fab10376d0815c57c72f05a2bf2,771e49cb40933eb8d545742717beae93336f9050110cede7a2022ecb1f5b964d,069812f7-a252-403a-8f9b-67345294e45c
34cc08e5-c383-45f5-b49a-044c97abbf24,TradeBlockChain/34cc08e5-c383-45f5-b49a-044c97abbf24,_h8mirOa---,2024-03-15,_h8l1GDS---,78bac1de-dcef-4f9a-b6a7-bea3657fc7fb,e988a1a2c1231a0003a1b41bac85e14ae698fe439888ff2a58435701d7bc2836,967e08be278ea3f93cffab290e8688ea17633809d48316552afb9cee492738fc,00756a82-3cee-4a26-94db-91c2a93c5b4b
67f0b505-24db-4358-bb55-f47c98096c32,TradeBlockChain/67f0b505-24db-4358-bb55-f47c98096c32,_h8mirOe---,2024-03-15,_h8l1GDC---,4c1df47a-125b-45d6-b752-27ed7d848b7d,e988a1a2c1231a0003a1b41bac85e14ae698fe439888ff2a58435701d7bc2836,967e08be278ea3f93cffab290e8688ea17633809d48316552afb9cee492738fc,78bac1de-dcef-4f9a-b6a7-bea3657fc7fb
8e58af5c-43d0-4adf-9cfe-a7d4c55f6b07,TradeBlockChain/8e58af5c-43d0-4adf-9cfe-a7d4c55f6b07,_h8mirOi---,2024-03-15,_h8l1Fn2---,5d7120b3-3016-4991-b7a6-5993c3da6f0f,409916fe710de694503f57480b64248e2ade302c0f0fd589b682c8aa88e66d56,38eee80c8ac7e49543b59a12dfda7dc0c1b4e12658ff92131eddf10934ea884b,4c1df47a-125b-45d6-b752-27ed7d848b7d
01ea236d-57c4-4cab-8027-9f603b4c360b,TradeBlockChain/01ea236d-57c4-4cab-8027-9f603b4c360b,_h8mirOq---,2024-03-15,_h8l1Fte---,669a4586-3304-4130-b85e-34bce33c18b2,a8b8b4098541ab621ef86716cf968570c9d8641e0390ca785acab1c2f33bb527,6de74263e978997acbd1a7b5febbdda514e0e4d074a477ce29f1b87105da1b88,5d7120b3-3016-4991-b7a6-5993c3da6f0f
9c081eb4-e80b-4575-804f-3df7a2859bc2,TradeBlockChain/9c081eb4-e80b-4575-804f-3df7a2859bc2,_h8mirOu---,2024-03-15,_h8l1Ft2---,74269660-fa25-4220-9d8c-b48de2be2587,4b988ac53a20f45b1e67ba13e372f2c8bda4cc1b5fbbe50b2be33efd1c7581dc,b03fb7eac465251bf852896e96a4abbcc9911afd83d5e3d07062ad55195353aa,669a4586-3304-4130-b85e-34bce33c18b2
bad47a6f-074c-4347-8a3a-5b8a0cac28b9,TradeBlockChain/bad47a6f-074c-4347-8a3a-5b8a0cac28b9,_h8mirO2---,2024-03-15,_h8l1Fm6---,43526830-11d4-4cf2-b8c4-06b6de86813b,4560bfdf316d52ad6f18bff9a5d50fd4de9c6bda572822a4da94f4a5d315e287,d9cfb5f070aafe3ae1c6b1b154a769c1a3512b87e732f41c4ec03e490c4086a1,74269660-fa25-4220-9d8c-b48de2be2587
facf8eb7-2cb3-4f29-8486-ba2470514a09,TradeBlockChain/facf8eb7-2cb3-4f29-8486-ba2470514a09,_h8mirO6---,2024-03-15,_h8l1Fni---,7a85a316-993a-4891-8ea5-8b1f0e668edf,a042ea26f61a9546da66d72ab6951c60a9687f28376b8f30db2975c360aa4aac,c63ae5714cce2a5071e16702a627243e227f6953eecbd8bd5db3b3001c05f54b,43526830-11d4-4cf2-b8c4-06b6de86813b
190786d9-0934-41c7-843e-e10d274e91e6,TradeBlockChain/190786d9-0934-41c7-843e-e10d274e91e6,_h8mirP----,2024-03-15,_h8l1FnO---,8a5c0be0-bc72-4d54-a73d-4dc3f3c487b1,a042ea26f61a9546da66d72ab6951c60a9687f28376b8f30db2975c360aa4aac,35e2fb15e16361ce33c0ebde3119fb02abada6235f99b6b5a95b8cbe5fa221f9,7a85a316-993a-4891-8ea5-8b1f0e668edf
94397ef8-962c-4dae-b34e-904b27e96d94,TradeBlockChain/94397ef8-962c-4dae-b34e-904b27e96d94,_h8mirPG---,2024-03-15,_h8l1F4K---,6dcffef9-a9d9-4c6a-a2d2-fa9a155e1635,99aae3b2d13d5b3bfcc1dd2e3d21946ab50b6741cf59ab8a85516c536123acb0,f4b6eab777dbf3154243fdf3599b41f54f6b0830c02ad7843abc8d80c7201d0f,8a5c0be0-bc72-4d54-a73d-4dc3f3c487b1
8fc2258c-b0ec-4fc6-b307-b5864af26441,TradeBlockChain/8fc2258c-b0ec-4fc6-b307-b5864af26441,_h8mirPK---,2024-03-15,_h8l1F3q---,e43b3f8d-cbd8-42d3-a4a5-35d3df07df15,7d25eb80a2a5312f69573621338c1bc39cb5657e7948bf59d3c7759e0e65cf05,2210a57147b7c3353d86dc78145c823c5d63f15eda2b2f22dba868ba9e7b69ca,6dcffef9-a9d9-4c6a-a2d2-fa9a155e1635
e99be110-8f57-4c99-ba5a-90ce6130ae28,TradeBlockChain/e99be110-8f57-4c99-ba5a-90ce6130ae28,_h8mirPO---,2024-03-15,_h8l1F36---,858424c4-cb2a-4f8b-91b5-113fc28db2c7,7d25eb80a2a5312f69573621338c1bc39cb5657e7948bf59d3c7759e0e65cf05,6a618f48b7dacb786dc73589e7e1c80cc47edacc5f31012c43fbc86311fcbdd3,e43b3f8d-cbd8-42d3-a4a5-35d3df07df15
573cb6bb-ff93-4a37-b212-6a60cb51cf25,TradeBlockChain/573cb6bb-ff93-4a37-b212-6a60cb51cf25,_h8mirPW---,2024-03-15,_h8l1GMm---,b60ce747-3ed7-4c94-abd0-fd00863e15a5,0932c6b6478c49a9ccea5df41103bc9dbe39f1aefaf358d2e316a35ca758f20e,4ddc0042e244f5340e811b5f4ff15e197b7050bfe2c8ab635cc76ef65b69da81,858424c4-cb2a-4f8b-91b5-113fc28db2c7
ff37c3dc-3fa7-4630-ae38-938b451b363b,TradeBlockChain/ff37c3dc-3fa7-4630-ae38-938b451b363b,_h8mirPa---,2024-03-15,_h8l1GN----,8768a34b-fb04-4021-bd63-b16c33b30580,0932c6b6478c49a9ccea5df41103bc9dbe39f1aefaf358d2e316a35ca758f20e,4540074027cc7c142fccc84d5889e3692fbdcfe29a4b6e580bbaddc0db292bef,b60ce747-3ed7-4c94-abd0-fd00863e15a5
e5049d61-752c-4eff-87e8-c0af8dcdc625,TradeBlockChain/e5049d61-752c-4eff-87e8-c0af8dcdc625,_h8mirPi---,2024-03-15,_h8l1GG6---,1681fff3-3ba3-43bf-b5de-e00249345895,8895dc023600077d7aac6d64da327147c333b2d2dc73e94ab1717497797875b6,73fc74febbfa99d4609250fd45fe7783aee9b6d9649564b9f7f0a625d9d10f2f,8768a34b-fb04-4021-bd63-b16c33b30580
da2404e2-d74d-4caf-9794-1588e4760e66,TradeBlockChain/da2404e2-d74d-4caf-9794-1588e4760e66,_h8mirPm---,2024-03-15,_h8l1GHu---,8a6a1bc8-535e-4060-879c-65cf4bd37e11,e915c212e73c4eb7ec097bf9e2e155af0df1227fe9c4749e02ffa431ee837728,70ef722a3a4edb7f52340ab323255c22e79d08a21f0914296a2f66cf401c84e5,1681fff3-3ba3-43bf-b5de-e00249345895
716d6330-7ae4-473b-9b9a-801d8f9a2f71,TradeBlockChain/716d6330-7ae4-473b-9b9a-801d8f9a2f71,_h8mirPq---,2024-03-15,_h8l1GHK---,a6e0ab0f-b495-4c64-bdcb-a473af5e2073,8895dc023600077d7aac6d64da327147c333b2d2dc73e94ab1717497797875b6,ee52c40b5b969e83ee8b1aba53cbdaa198652f5598a095e889b5738d99e3c7d0,8a6a1bc8-535e-4060-879c-65cf4bd37e11
0de45cb7-a8ab-46db-9ac6-54c415c5d840,TradeBlockChain/0de45cb7-a8ab-46db-9ac6-54c415c5d840,_h8mirPy---,2024-03-15,_h8l1GHa---,41016bae-25c6-457b-8a44-0946529929a9,8895dc023600077d7aac6d64da327147c333b2d2dc73e94ab1717497797875b6,a9559b91a768fbcf4ac2d9de9154b2a271624446f5c6846e18d7960d567c4f98,a6e0ab0f-b495-4c64-bdcb-a473af5e2073
f43ddd74-74c2-427f-b8f6-b92ce1d37ee6,TradeBlockChain/f43ddd74-74c2-427f-b8f6-b92ce1d37ee6,_h8mirP2---,2024-03-15,_h8l1GLO---,e0b0ecaf-8260-4f49-9a58-10c2c65e2ee6,e13c24965aebe0473763d2ca82c757ce6b80aa5cc481e7195cf5630cf8a50347,8cb6adbf8fd5eacd732116f3c988727638f4162ebd9598097ce0e9cf7eb10a96,41016bae-25c6-457b-8a44-0946529929a9
e2d0e9fe-2552-46e3-8e1c-38c085baf720,TradeBlockChain/e2d0e9fe-2552-46e3-8e1c-38c085baf720,_h8mirQ----,2024-03-15,_h8l1GL----,8996382c-b41b-4863-a76e-d1dec2b5c348,e13c24965aebe0473763d2ca82c757ce6b80aa5cc481e7195cf5630cf8a50347,6f094bd357bcb69fd8c28a5ec2377b8336bc50e13f91a1899dfad440b51c8ba9,e0b0ecaf-8260-4f49-9a58-10c2c65e2ee6
8473d417-3ee0-473b-b637-67ea1ed38bc3,TradeBlockChain/8473d417-3ee0-473b-b637-67ea1ed38bc3,_h8mirQC---,2024-03-15,_h8l1G-6---,21d1facd-7208-4f10-a545-29a014ba52d2,98c2d127b18a3272ada79f033760f6e064584cc70191a8eba77cb0a03fa20c9e,25485ae80943a3203de8a47b3cd5db892125fe235e1e1c1a1c25fbbbdeb00c0a,8996382c-b41b-4863-a76e-d1dec2b5c348
297c73a4-2e82-492d-a9a3-8e9ed4cffd82,TradeBlockChain/297c73a4-2e82-492d-a9a3-8e9ed4cffd82,_h8mirQK---,2024-03-15,_h8l1G_K---,ec9daa75-3611-4b90-a418-74386a568ded,98c2d127b18a3272ada79f033760f6e064584cc70191a8eba77cb0a03fa20c9e,86bc227d71ac9f29e56ebb618fa03a07c753b42a0ff872af3f7cd86e0ddcd070,21d1facd-7208-4f10-a545-29a014ba52d2
d909e444-c4b2-4a66-b7ed-50256f32da54,TradeBlockChain/d909e444-c4b2-4a66-b7ed-50256f32da54,_h8mirQO---,2024-03-15,_h8l1G-q---,22b57fed-3ec4-4ff0-9c0b-13f258dc9fd0,049f76568396c32c305e11cdbc93874c170ee04705f33f5f11a0ba2922b29ed5,fff00a01b893eedbb596e16db29f43dfd69abc9eb6d7df1f4fbc39e75e2d45df,ec9daa75-3611-4b90-a418-74386a568ded
cf4712bd-9328-4cf6-8d8b-f2d7df01203c,TradeBlockChain/cf4712bd-9328-4cf6-8d8b-f2d7df01203c,_h8mirQS---,2024-03-15,_h8l1FzO---,b7f6b123-c40c-44f9-8073-d5dd425e91f0,9799e455ca9084877a5f2e39c6a5b4e8de831838348803ec03fdcb7796ddef28,59652f2df57f3e690dda352d899ca680950f33987ac817ed7f8053b5ddfe6cff,22b57fed-3ec4-4ff0-9c0b-13f258dc9fd0
4aac9a5d-74a3-4ddb-92cb-cdf35fc92b8f,TradeBlockChain/4aac9a5d-74a3-4ddb-92cb-cdf35fc92b8f,_h8mirQW---,2024-03-15,_h8l1Fzy---,a54c9e33-4543-4174-bcc1-9b5c64d47424,9799e455ca9084877a5f2e39c6a5b4e8de831838348803ec03fdcb7796ddef28,6353ea9e03fe7f197d2f6ec72c236ac60e1962fd00997b165ed71dbc81baa15e,b7f6b123-c40c-44f9-8073-d5dd425e91f0
c6924bd2-8c8d-4e15-8e33-368b143cce88,TradeBlockChain/c6924bd2-8c8d-4e15-8e33-368b143cce88,_h8mirQa---,2024-03-15,_h8l1F0G---,d521fdd6-557e-4a9c-94ac-bc53277839d0,3b3669bc6ec5d1d33ed4177bf5b959b5805ceb9f0e46c35160ece77ef90c9357,418dbd03b3cfd9a732459861945f832554d4c0c666cd687e4db968341ea948c5,a54c9e33-4543-4174-bcc1-9b5c64d47424
9dd55646-e342-4f2f-8b33-26d79e30b68a,TradeBlockChain/9dd55646-e342-4f2f-8b33-26d79e30b68a,_h8mirQi---,2024-03-15,_h8l1Fzi---,81d0bde0-b42c-43c2-8515-4a7be9b53b16,9799e455ca9084877a5f2e39c6a5b4e8de831838348803ec03fdcb7796ddef28,9295544c46e822634eae2129045fcee05a4d3b690030ab3de724b2152000d357,d521fdd6-557e-4a9c-94ac-bc53277839d0
09937e44-d0f0-4ae3-afbf-c0f9165e158d,TradeBlockChain/09937e44-d0f0-4ae3-afbf-c0f9165e158d,_h8mirQm---,2024-03-15,_h8l1Fsq---,8dbeb0e8-7d75-43d5-9f8b-4e3677873a7e,d61f7f548f7da2b374c8dbf75f5411ffc2dedf8867a2ceb183548560609da04c,4bbaf68da70f15738acbb2743631cb58fca76ea7deb70704854c145a3d688609,81d0bde0-b42c-43c2-8515-4a7be9b53b16
a157db44-8319-4765-88d9-5fc6953d11c7,TradeBlockChain/a157db44-8319-4765-88d9-5fc6953d11c7,_h8mirQq---,2024-03-15,_h8l1FtK---,c9a87a01-f216-4121-ba74-c6a161689a8d,e634c942d40745591e2d82534de198d50b29849d35b7e8e377a6c65f7e27de62,f9c97cca779c8ec92b9a450c469416e521eedee2bdb42d7ad2d06167137811ea,8dbeb0e8-7d75-43d5-9f8b-4e3677873a7e
481316b3-4b26-429f-b21c-c1af8e28f3c0,TradeBlockChain/481316b3-4b26-429f-b21c-c1af8e28f3c0,_h8mirQu---,2024-03-15,_h8l1Fs6---,ab32c74e-3231-404f-9010-e390c7c94e6b,e634c942d40745591e2d82534de198d50b29849d35b7e8e377a6c65f7e27de62,678d99aead675eec2fe1ceda94137737d80c0a598d8351a0fd80f51836313102,c9a87a01-f216-4121-ba74-c6a161689a8d
7626e269-ab4c-422b-a4ef-e2a63c5dd39c,TradeBlockChain/7626e269-ab4c-422b-a4ef-e2a63c5dd39c,_h8mirQ2---,2024-03-15,_h8l1Fyq---,bbc70a8e-9d03-436c-bbda-667f2b08799c,2ad45d38adf57e71b973b166a492a3280bc15ff0bcf0825c4bbcd071e6fb01be,e85ec1e2228c465be524a44f76a70b61f5e670824b8916f7a56aeefbde8d322a,ab32c74e-3231-404f-9010-e390c7c94e6b
40e2ab2d-21fd-4493-85b5-00bf0ef5f79a,TradeBlockChain/40e2ab2d-21fd-4493-85b5-00bf0ef5f79a,_h8mirQ6---,2024-03-15,_h8l1Fvm---,3126311c-4e60-4366-912a-abbd6a985e50,2c899705d9e3dfcf48d1827710e5d1d69b476690a92eb313785f1ab9af32c1b8,e750b5e825bfda76483b3e0f0569ec77b8924cdd024830f21f79aab1b35724dd,bbc70a8e-9d03-436c-bbda-667f2b08799c
da47fae1-c1d4-47da-9267-7137aa060b67,TradeBlockChain/da47fae1-c1d4-47da-9267-7137aa060b67,_h8mirR----,2024-03-15,_h8l1Fv2---,95e069b0-0396-47d8-8814-f8234d014743,1cd276411a543d5df944726b917e7f2e89455d66f02d7d71ba63f901c788ba92,970bf5d1950c2ad2f5532b5a2ad7d9046d575cdb49bf1f71b3f92121aece23ab,3126311c-4e60-4366-912a-abbd6a985e50
2ff02f59-6931-46a3-9465-0073626619e4,TradeBlockChain/2ff02f59-6931-46a3-9465-0073626619e4,_h8mirRC---,2024-03-15,_h8l1FwG---,0fca0c0b-5a94-4941-ac26-29fc88f82cf0,1cd276411a543d5df944726b917e7f2e89455d66f02d7d71ba63f901c788ba92,dc430f02a052485c91675a03f726e7a0969353892287cdf87c2422141f2146d0,95e069b0-0396-47d8-8814-f8234d014743
7f906b7a-878b-4c55-9bd7-dc3d2f08b0c1,TradeBlockChain/7f906b7a-878b-4c55-9bd7-dc3d2f08b0c1,_h8mirRG---,2024-03-15,_h8l1GL2---,5a1363c5-9b9d-423a-84a4-c1791e89694a,f72c77e3c3d45d354b2e20d49bfe0eb4a53c1f0cc8177d8ef62378b71cd0dd91,30a77088f5569878b11805abbe446e0ae2ea1312e9d42837e8097a88975f948d,0fca0c0b-5a94-4941-ac26-29fc88f82cf0
d5dca64d-ed06-49d1-a3bf-b68ffeb55ba1,TradeBlockChain/d5dca64d-ed06-49d1-a3bf-b68ffeb55ba1,_h8mirRK---,2024-03-15,_h8l1GMG---,5f9af469-fc2e-4bba-bd81-2ad6fc56b19f,6e098b2f0ae85093f3d9badf5ce781d44106ca715a128dade83d1b3ed7d4cb99,7e72c1fa2666dcb61e941fbae014593e764062013ced19f187d6a62bee9f0a5a,5a1363c5-9b9d-423a-84a4-c1791e89694a
68782c84-d1af-4f78-9adb-243f06cd897e,TradeBlockChain/68782c84-d1af-4f78-9adb-243f06cd897e,_h8mirRO---,2024-03-15,_h8l1GMW---,4465f25d-04fd-4818-b93b-6aacb408f759,6e098b2f0ae85093f3d9badf5ce781d44106ca715a128dade83d1b3ed7d4cb99,8835a137d731a252ad5d7d0d82751a9742cc5a8fb46bef3b7cd290e8f2e6738b,5f9af469-fc2e-4bba-bd81-2ad6fc56b19f
d6502538-6d2f-461d-8aab-aa67b7f37537,TradeBlockChain/d6502538-6d2f-461d-8aab-aa67b7f37537,_h8mirRW---,2024-03-15,_h8l1Fv----,748ba585-eb90-4b35-b5bd-f4efadc32a9c,f3e9216d1506057036f13ecce2dc5220344117154b362b1b056c76959465e666,f55e92c4d9b3493a5b96d8f73f731579afd945b122eddf5cf2b5033f874075ce,4465f25d-04fd-4818-b93b-6aacb408f759
68850417-f172-49d1-80fa-312940bd613d,TradeBlockChain/68850417-f172-49d1-80fa-312940bd613d,_h8mirRa---,2024-03-15,_h8l1Fuu---,e173df12-8f7b-42f0-85b3-59886dce7a91,f3e9216d1506057036f13ecce2dc5220344117154b362b1b056c76959465e666,6e55620c7e7ce96fb8b9c83ed2477c79543a84620806f755094315efcde36968,748ba585-eb90-4b35-b5bd-f4efadc32a9c
d6e046f9-7a51-4b23-9b78-b2a3565ecd47,TradeBlockChain/d6e046f9-7a51-4b23-9b78-b2a3565ecd47,_h8mirRe---,2024-03-15,_h8l1FvO---,263658d9-ab38-4797-828c-674536645756,5b070a90d421269f41268e8f3deecbc2e601451257d87c743535c1a841953d53,13380659e5bdde99b03255ab6d253bae8a8f08461a764e1c8742c5f4d6057e15,e173df12-8f7b-42f0-85b3-59886dce7a91
c047ed25-7832-46d2-9e14-25388c5269de,TradeBlockChain/c047ed25-7832-46d2-9e14-25388c5269de,_h8mirRi---,2024-03-15,_h8l1Fqi---,13f119e5-2831-4ca7-a8e9-06cb94902280,f035fd777347c619e73040960f228c3078d074d35de75c332b8a01b22a62a912,e495c1987dcaa12b4fc1fcfb584fbabd1c8951c2c58b5adcd2394d40affa45d5,263658d9-ab38-4797-828c-674536645756
d5a0954d-3152-48fc-baea-4274ec908006,TradeBlockChain/d5a0954d-3152-48fc-baea-4274ec908006,_h8mirRm---,2024-03-15,_h8l1FqO---,f195df9c-2ae6-42f7-b422-1d996ea8f143,0313b0526090ccef4d8d4af9eafb640fa1fa0f83b58f8beff2283ca2f1223e91,7fd9aa274d719c3b5546c2cb453b3ea0ae784ba768276ebec7c5bfd1f4cffe92,13f119e5-2831-4ca7-a8e9-06cb94902280
47beba70-05fc-42ea-8f96-5a7efbfe6177,TradeBlockChain/47beba70-05fc-42ea-8f96-5a7efbfe6177,_h8mirRq---,2024-03-15,_h8l1Fqy---,bfba9b64-2fbd-49dc-a33e-54049bada996,f035fd777347c619e73040960f228c3078d074d35de75c332b8a01b22a62a912,564a3242e8d3f8ed9522db6e52d75aa2ab52440cd1ba61733c228ea8290f91de,f195df9c-2ae6-42f7-b422-1d996ea8f143
8c0eac56-8d60-427e-a129-25d919242d7a,TradeBlockChain/8c0eac56-8d60-427e-a129-25d919242d7a,_h8mirRu---,2024-03-15,_h8l1F5----,14e07f4e-74f6-4254-b6d6-1dda3301f5c3,727e0abaad2c968a60d3514cf681e3078c07dcd48155e98e76bab5e60ddc2f21,67604ce3f54379f955a216d293b1419a0f55333723dadfa676449a81520649b2,bfba9b64-2fbd-49dc-a33e-54049bada996
de472093-51cb-4829-a089-ce366d549261,TradeBlockChain/de472093-51cb-4829-a089-ce366d549261,_h8mirR2---,2024-03-15,_h8l1F4e---,d63430b7-5a78-4ae1-bd67-7977f47312f1,b82c3ca2f4459deccfe0b19110acd41e599f0fcc6b4a40a2f0853542b517daf6,1557b5f765391615fb7c79f9fa613b10054d1166d45bc27a11c898ea44c47d13,14e07f4e-74f6-4254-b6d6-1dda3301f5c3
c171eeed-8198-4971-96be-b916abc8f4f4,TradeBlockChain/c171eeed-8198-4971-96be-b916abc8f4f4,_h8mirR6---,2024-03-15,_h8l1F4q---,3d9e3604-772e-4490-876b-d35daa879f52,b82c3ca2f4459deccfe0b19110acd41e599f0fcc6b4a40a2f0853542b517daf6,526fce9237c5ebce0b98bd5e02a71977689edd5ec8fe7bd60053e303636e52d3,d63430b7-5a78-4ae1-bd67-7977f47312f1
732d3960-3bb5-432b-8ad7-76cc97750fcf,TradeBlockChain/732d3960-3bb5-432b-8ad7-76cc97750fcf,_h8mirS----,2024-03-15,_h8l1F3C---,b1c89db0-04c4-4d98-a0bf-1ebecab79529,a94e0bdd8f73c4650c737e9884998ca0affa769baf7bf21cbc065acb789db72d,d5dd9b7257aa95252c5a6cfd802fbc8f14f15d8964c1b21b5ea5c57d4efdaade,3d9e3604-772e-4490-876b-d35daa879f52
aa80866b-fb31-4e87-bc98-b1e477057eee,TradeBlockChain/aa80866b-fb31-4e87-bc98-b1e477057eee,_h8mirSC---,2024-03-15,_h8l1Fx2---,283c2e51-3435-43c3-ac7d-a1c65a0d6326,19aa48894744009e76b9dd73aa9b579562d13fc58b90d2932735f68c7c2c3151,247f5e9a2b744b02642217e358378f49c7138aac256f33633f080a9e17f7ddcc,b1c89db0-04c4-4d98-a0bf-1ebecab79529
b500bb5f-3e69-4127-9147-0789699948c3,TradeBlockChain/b500bb5f-3e69-4127-9147-0789699948c3,_h8mirSG---,2024-03-15,_h8l1FyG---,83c5d984-f016-443e-84f8-2dcbcfd61ea3,19aa48894744009e76b9dd73aa9b579562d13fc58b90d2932735f68c7c2c3151,3f8eb3d4fea86828d012176706e5101932b9da97438ddcd447412bb568a2113d,283c2e51-3435-43c3-ac7d-a1c65a0d6326
f9653bba-e78c-422a-8f7c-11e9cf53aa49,TradeBlockChain/f9653bba-e78c-422a-8f7c-11e9cf53aa49,_h8mirSK---,2024-03-15,_h8l1FyW---,92616416-50ef-4e80-873b-ce5daffbaa56,19aa48894744009e76b9dd73aa9b579562d13fc58b90d2932735f68c7c2c3151,e19c06508d53885ad0c5eb17b3f9836a50736de57e626e153ff943618b5c2666,83c5d984-f016-443e-84f8-2dcbcfd61ea3
eac07a7a-5c35-4a60-bb7d-3766b1e77e76,TradeBlockChain/eac07a7a-5c35-4a60-bb7d-3766b1e77e76,_h8mirSO---,2024-03-15,_h8l1GCe---,f89380a4-17e2-4a58-aeb5-69c5c96ebf52,9c5d2becc922d3589d9f2e438c9c32d1a3c80a1388562f2f53a502c0ee9e32a1,e76dcfea08aa6f211f816b325bd027c7b87edc26fe4af4edd70ed8351c007c42,92616416-50ef-4e80-873b-ce5daffbaa56
aeda4463-df27-4bde-bb7e-982de2ac0e4b,TradeBlockChain/aeda4463-df27-4bde-bb7e-982de2ac0e4b,_h8mirSS---,2024-03-15,_h8l1Foy---,92b77392-d499-4fb2-8973-ba76398ec1c5,9bfb1046930035f0115f97a34a7fe59a67cf53648556ae26e317a328dbf880bd,d2e6b9edaafee0b367dc7a93a6c3b88c6d876e00d2a11e8b30742e70e6c5cd57,f89380a4-17e2-4a58-aeb5-69c5c96ebf52
e6fe0f60-a3b1-4070-b7a9-9d4aa3b9fbd8,TradeBlockChain/e6fe0f60-a3b1-4070-b7a9-9d4aa3b9fbd8,_h8mirSa---,2024-03-15,_h8l1FoK---,7c5c8fd0-8d2f-46e8-a2bc-d4d03b29f7a0,61165f001ed01acb32816734fc520797b974b904b3db823831823e73bea79201,83ae772f1be107accdeda813de402c82df2da0f53e1b271a2c4f00e87b6fd628,92b77392-d499-4fb2-8973-ba76398ec1c5
b0720d2f-1688-4b7a-9a47-993bf6ccd0a4,TradeBlockChain/b0720d2f-1688-4b7a-9a47-993bf6ccd0a4,_h8mirSe---,2024-03-15,_h8l1Foe---,d728e603-5992-4ac9-a34f-4769a2415914,9bfb1046930035f0115f97a34a7fe59a67cf53648556ae26e317a328dbf880bd,5df8d69365a7f5c6870faf0330620cf3051f219690dd6108dd3dcf92886eff03,7c5c8fd0-8d2f-46e8-a2bc-d4d03b29f7a0
0d7caf20-e1d3-454a-8fd8-0e216da1b31b,TradeBlockChain/0d7caf20-e1d3-454a-8fd8-0e216da1b31b,_h8mirSi---,2024-03-15,_h8l1FpG---,9365b666-c221-4449-b5d3-775b32a1ec86,0e87ca1492232eb754d49b17f7fcd8e5b8c76d2c0ce86e8759e25b7d9de56b5e,4eedfc106b7e125d53a3cc9b212a49c61fc4eeb306643459c98abcf9eb9d7d92,d728e603-5992-4ac9-a34f-4769a2415914
3ca9cf78-88fc-4396-888f-217b6eb4f762,TradeBlockChain/3ca9cf78-88fc-4396-888f-217b6eb4f762,_h8mirSq---,2024-03-15,_h8l1Fq----,360d6599-3851-4588-a105-2e1e79e8807b,66a29752db85544b29645a8ecd046fb976c5d5020e838f8652a6b14d8f16f16d,7626a74d805450d50c3e77ff1f7052ea2a8eb13d68035eb3d7faf91f75ba0581,9365b666-c221-4449-b5d3-775b32a1ec86
7c38dbc5-4b0b-469c-b95f-ec1a8c06241a,TradeBlockChain/7c38dbc5-4b0b-469c-b95f-ec1a8c06241a,_h8mirSu---,2024-03-15,_h8l1Fpq---,c92b759c-c824-4282-93b5-f325c4f615d9,6b2a9d64cd211a110f639d6f3ccfe5ae157cf8fcacdfb67ae5c8c8b5b8d22a9b,d6f42be1e5eb06a19cf485f571b232e5e17d36540856867d810cfc5bc1554bc8,360d6599-3851-4588-a105-2e1e79e8807b
8c5fb2d6-59ed-450e-980f-ebbd850ef604,TradeBlockChain/8c5fb2d6-59ed-450e-980f-ebbd850ef604,_h8mirSy---,2024-03-15,_h8l1Fpa---,e9b0315c-a417-470b-8972-2c020723e5de,6b2a9d64cd211a110f639d6f3ccfe5ae157cf8fcacdfb67ae5c8c8b5b8d22a9b,3bccca07be255aff0cabd67f17a5f49ca2392d90d6b099aadb749eef654da697,c92b759c-c824-4282-93b5-f325c4f615d9
17277160-736e-447f-8ca3-56ab53ed7115,TradeBlockChain/17277160-736e-447f-8ca3-56ab53ed7115,_h8mirS2---,2024-03-15,_h8l1GD6---,99e5415a-c38f-4095-b760-3bc7fe385ff4,1b4ef656b3db23c72084bf6b9c6a6ad781589a2f557e0caf9802a95e6245b1ea,10276546bbfb32e6f700b404492448b09b5834654d18d00d92d14063cf0a3918,e9b0315c-a417-470b-8972-2c020723e5de
0615e7d3-f0d7-473a-98b5-6fcb31aa850a,TradeBlockChain/0615e7d3-f0d7-473a-98b5-6fcb31aa850a,_h8mirS6---,2024-03-15,_h8l1GDm---,44f14dc2-54b5-437e-b40e-e33952fb42a4,1b4ef656b3db23c72084bf6b9c6a6ad781589a2f557e0caf9802a95e6245b1ea,5237434a421b36b9a059891d1fda945277779f0faa0b4bb1fd228bfe1caf8336,99e5415a-c38f-4095-b760-3bc7fe385ff4
49555ee5-9263-461b-85a8-1635ad330fc0,TradeBlockChain/49555ee5-9263-461b-85a8-1635ad330fc0,_h8mirT----,2024-03-15,_h8l1Fke---,3a81c98f-e57d-4393-9278-8ab0bc062f06,9ce1e332c5f7f20b8325e5eb2ff3b6813a78a2305b24254c3a528ddc3f2dfb46,34e7864f834601032bda6766beaee3bebb9d616aa3c5b38cb0f02d9f56ca772f,44f14dc2-54b5-437e-b40e-e33952fb42a4
2316f22c-e31e-4839-997b-91aa806ebe18,TradeBlockChain/2316f22c-e31e-4839-997b-91aa806ebe18,_h8mirTC---,2024-03-15,_h8l1Fwa---,7e7add78-c0ac-440f-8251-e462d10b98f4,32ecc6e6e987cc7a8c67feaf984cdd0854b441c8c4c146de5e572d3f95b87b87,88dbc8cbec250a797f2cdbc839e5bbd867867ce69d53f90dfc131a4dd7366242,3a81c98f-e57d-4393-9278-8ab0bc062f06
d6aeaf02-9221-4719-b794-88e3197ccb8f,TradeBlockChain/d6aeaf02-9221-4719-b794-88e3197ccb8f,_h8mirTG---,2024-03-15,_h8l1Fwq---,e9a774e3-9db7-451d-8143-cd462382de17,32ecc6e6e987cc7a8c67feaf984cdd0854b441c8c4c146de5e572d3f95b87b87,7bb9a0455a1826a028f63d836243cb70fdd41617b0324ab7f0ce2e592a87f393,7e7add78-c0ac-440f-8251-e462d10b98f4
cbb1712c-52cf-44e3-aeaf-2605584aa6b8,TradeBlockChain/cbb1712c-52cf-44e3-aeaf-2605584aa6b8,_h8mirTK---,2024-03-15,_h8l1GCO---,6b0a7351-592d-445a-a804-c32d958642d0,6339eaab488dce03d55317f3a57904d78f38e91b75a599b2214cca94aa778436,0634b425176b3bdc4579105bfce57e3390694a5bd8ab291d3b6632348f959d12,e9a774e3-9db7-451d-8143-cd462382de17
cd3d996a-2112-4a2d-a6ca-523a0effdc9a,TradeBlockChain/cd3d996a-2112-4a2d-a6ca-523a0effdc9a,_h8mirTO---,2024-03-15,_h8l1GB6---,d5ee3083-b212-47f2-8b02-df70ffaf805e,de1d8247264aa0cd2e41a7118abf2c94b5dc1e8e6d5e12983df01535724dcbe4,1a16fcc2635ed886e12b0c39027d015b77bf5f17b1d3695e313bd6374acb5f0a,6b0a7351-592d-445a-a804-c32d958642d0
d8ccf064-ba24-443d-818a-7309fb9ce64a,TradeBlockChain/d8ccf064-ba24-443d-818a-7309fb9ce64a,_h8mirTW---,2024-03-15,_h8l1G-G---,83a653af-c592-4606-88b5-163be63f692d,aac8bc9afee7a2ced6061287809b748ce9ba60b88edc59ddf24fd1f7ee9b8808,2b09007f1808e7f4a313769cde21cc7ea7d25c81496ac2b0692d8cc41417e485,d5ee3083-b212-47f2-8b02-df70ffaf805e
ca4b4e62-e492-4936-8e72-1764604e33ef,TradeBlockChain/ca4b4e62-e492-4936-8e72-1764604e33ef,_h8mirTa---,2024-03-15,_h8l1F9y---,034885e6-72cc-47cd-9fff-e64691fe25da,aac8bc9afee7a2ced6061287809b748ce9ba60b88edc59ddf24fd1f7ee9b8808,a34ba16847050f796d965726e909d20d984042009d586f99fb8014f72ec0a429,83a653af-c592-4606-88b5-163be63f692d
f1328c5b-059e-4094-a9f1-3fc2f5d6124a,TradeBlockChain/f1328c5b-059e-4094-a9f1-3fc2f5d6124a,_h8mirTm---,2024-03-15,_h8l1F9S---,785bcda6-689a-4514-91f7-44a4710ff076,a7fc86c657426dec977748e222a34a1a51ec5b4665fea24463d7618cb3763e18,aace10f06803337c238c2f5752ed65c8c53e3567e3a6353cd571d1822eb8197d,034885e6-72cc-47cd-9fff-e64691fe25da
aed989c5-a7be-4543-a8b2-fbea6ff02ff7,TradeBlockChain/aed989c5-a7be-4543-a8b2-fbea6ff02ff7,_h8mirTq---,2024-03-15,_h8l1F9i---,6d032ab1-cbe3-4e55-9203-cd7b26fe3750,a7fc86c657426dec977748e222a34a1a51ec5b4665fea24463d7618cb3763e18,ae4af476bb28a5af12470811e7d3e10489c023c88f60e47468430cea26c1a440,785bcda6-689a-4514-91f7-44a4710ff076
59e108e7-93b9-478c-b749-a1da503c9e11,TradeBlockChain/59e108e7-93b9-478c-b749-a1da503c9e11,_h8mirTu---,2024-03-15,_h8l1G-W---,a2caf4ce-02ba-470e-827b-e3cfbca09152,55829718091dfa82eb892735beb503b7bd0a9261e3224175670a43568548ebf0,4ab52336f07ef4131f2bef161baf60cd8ee82ca4ee58ed3775dd11047565ffbb,6d032ab1-cbe3-4e55-9203-cd7b26fe3750
d22fff36-6301-4efb-96b1-f24551462bde,TradeBlockChain/d22fff36-6301-4efb-96b1-f24551462bde,_h8mirT2---,2024-03-15,_h8l1F3W---,7cef49ab-0315-426d-9392-8168b37be585,e482d92d028881b0b9ae575b34df3e86dc64cec6dd6ce9832f0c9ce4a9cc20b7,fb1fb1b7f41690fb798e352906656cfcb7a7b350443df56ff4afdc44265cf71d,a2caf4ce-02ba-470e-827b-e3cfbca09152
4fc78ffb-3493-467a-92c6-36b9e415f04c,TradeBlockChain/4fc78ffb-3493-467a-92c6-36b9e415f04c,_h8mirT6---,2024-03-15,_h8l1Flu---,1c3e9e13-ba48-45d6-9ae9-ffe7eec17528,f0237164768b5f66236d512d41f7ad8a09513d32cfcc80c333a6d4e198a8f975,b86c8a660a9926f2ade254b92a54f2dc15344e114c6a82b4caf832a716c4e61f,7cef49ab-0315-426d-9392-8168b37be585
a2d451b2-4b48-4a6a-b911-29617fe45dcd,TradeBlockChain/a2d451b2-4b48-4a6a-b911-29617fe45dcd,_h8mirU----,2024-03-15,_h8l1Fmm---,85ef238f-31d4-4116-a8b2-1653132c64ea,bcd4d5f2809af9fb18a2ce56a5a5c218b0cda913b9cdf2b2c8bbd212fb70f75c,55867bece365e43e0bf512065686a352cd772ca3b6a1813fdf1a9314db0c33c7,1c3e9e13-ba48-45d6-9ae9-ffe7eec17528
0e7839fa-46d2-4a68-8a8e-509a3427624a,TradeBlockChain/0e7839fa-46d2-4a68-8a8e-509a3427624a,_h8mirUC---,2024-03-15,_h8l1FmC---,6eebf714-3369-4c4e-820c-fb61d0521ccf,cfeb722308ed27c47ece3167ff36470b8087954aceb681a476ea84795d15de02,711f2874a135f405b62d774543a7f83f8e0301697b766a0aef0d933c3d2a2cb5,85ef238f-31d4-4116-a8b2-1653132c64ea
9a489b7d-398f-48a9-843a-7e2185159ba9,TradeBlockChain/9a489b7d-398f-48a9-843a-7e2185159ba9,_h8mirUG---,2024-03-15,_h8l1FmS---,b1ce4f07-e952-45be-bef0-fa64c877fcf0,bcd4d5f2809af9fb18a2ce56a5a5c218b0cda913b9cdf2b2c8bbd212fb70f75c,3e3ff234eb2ee6260725a0ed0efc711744cfad5a8e077db09b610098dd42fe5e,6eebf714-3369-4c4e-820c-fb61d0521ccf
fddda8b0-9e8f-40d7-8784-80421842337e,TradeBlockChain/fddda8b0-9e8f-40d7-8784-80421842337e,_h8mirUK---,2024-03-15,_h8l1G_e---,b88a353f-fcf0-4a69-9403-08574bb0aa41,694da5486b237c256273011c8b4265bdbe1863ba3847abb24f26b2ff5fce34dd,967771d32a2b877c6dcb3a07ce0f5321b5661abee77fe60ad6a99076394d48d5,b1ce4f07-e952-45be-bef0-fa64c877fcf0
cba40f9c-c6ed-49ca-926b-b2ad05cc2b0d,TradeBlockChain/cba40f9c-c6ed-49ca-926b-b2ad05cc2b0d,_h8mirUS---,2024-03-15,_h8l1G_u---,450ad5fd-d6a6-4bff-a4aa-844e630df0bf,694da5486b237c256273011c8b4265bdbe1863ba3847abb24f26b2ff5fce34dd,af21a0ee429fcece8a69a0ea11d7da048b6eb98165ba4cf43fb6915f78250f3d,b88a353f-fcf0-4a69-9403-08574bb0aa41
104f991f-f9fe-4ed2-969d-7724d0141935,TradeBlockChain/104f991f-f9fe-4ed2-969d-7724d0141935,_h8mirUe---,2024-03-15,_h8l1GA----,dc3fc075-4b51-48a9-a54e-9964a6a1e01e,57c402a904b97fbd98beb42d12b0b99bd63b233a7e4f03102905a214c6a2499d,318f17e4e5482e35f1b510dd25b0230bf4babce126173d71012e465d33496b07,450ad5fd-d6a6-4bff-a4aa-844e630df0bf
5e63f555-f7cf-44fe-9965-598e22076e94,TradeBlockChain/5e63f555-f7cf-44fe-9965-598e22076e94,_h8mirUi---,2024-03-15,_h8l1GAi---,98ccca49-8fb2-4472-b29d-d3c125768122,57c402a904b97fbd98beb42d12b0b99bd63b233a7e4f03102905a214c6a2499d,3c2550403d1052370d6efeac6b19fb006ae19327090dc52feba1d2cc3ec71f3d,dc3fc075-4b51-48a9-a54e-9964a6a1e01e
71707875-c629-4503-9a95-aadd568218f3,TradeBlockChain/71707875-c629-4503-9a95-aadd568218f3,_h8mirUm---,2024-03-15,_h8l1GAO---,b6588bc5-bf3a-4400-853d-f37e819eb3d7,57c402a904b97fbd98beb42d12b0b99bd63b233a7e4f03102905a214c6a2499d,ddf15741ee7315de043c97356fb6f047c058d8961abe1b618082a0240302a346,98ccca49-8fb2-4472-b29d-d3c125768122
2ad7c89b-3b0e-4d44-9943-81137a0c0468,TradeBlockChain/2ad7c89b-3b0e-4d44-9943-81137a0c0468,_h8mirUq---,2024-03-15,_h8l1F1y---,0e538204-eadf-454b-adc9-ca34b853ef1c,f596dac4013ae5a6f15ad6d6a2324aabe0704271ed0b5ab91f8601c329aa9565,5f1c748926983cb2a038735d989f727c2fc3083183268563521e73379f5bda36,b6588bc5-bf3a-4400-853d-f37e819eb3d7
52cc0ff7-5cf4-455f-868a-ccb0b4bf1e88,TradeBlockChain/52cc0ff7-5cf4-455f-868a-ccb0b4bf1e88,_h8mirUu---,2024-03-15,_h8l1F1i---,34a11637-3dca-49d8-b446-2b5d0ea1d322,f596dac4013ae5a6f15ad6d6a2324aabe0704271ed0b5ab91f8601c329aa9565,626563d63bc537da8191c6bcd165b09def987586bdec3cb2ba4e9c4c0997238a,0e538204-eadf-454b-adc9-ca34b853ef1c
f8eb553a-5e00-423c-b55a-59e710329eac,TradeBlockChain/f8eb553a-5e00-423c-b55a-59e710329eac,_h8mirUy---,2024-03-15,_h8l1F2e---,2dd296fc-2f97-46e1-8fd0-8290bbcd98fe,a9c21cb19492491bd3628e343d9ab707a86cf1cd198767cb75674da8d69416db,be029e1bf5907f3a2dfacedc8137efdc305e512e6b7b64a8bef38cebc59e198e,34a11637-3dca-49d8-b446-2b5d0ea1d322
f701cc40-a4cb-45da-8746-c762a176dead,TradeBlockChain/f701cc40-a4cb-45da-8746-c762a176dead,_h8mirU2---,2024-03-15,_h8l1F2G---,709ee978-ce42-49c1-8581-02432f272358,a9c21cb19492491bd3628e343d9ab707a86cf1cd198767cb75674da8d69416db,08d4a8da76fd251b5e2915b1bc875659379da1a295e644fb72f772ccda2facd4,2dd296fc-2f97-46e1-8fd0-8290bbcd98fe
caffd8c0-dfa9-4e15-8afe-cdcd367d12b9,TradeBlockChain/caffd8c0-dfa9-4e15-8afe-cdcd367d12b9,_h8mirU6---,2024-03-15,_h8l1F1S---,5f7db48e-5ea1-429c-8e1f-0c7267d76c41,a9c21cb19492491bd3628e343d9ab707a86cf1cd198767cb75674da8d69416db,9caa71c8b905e214afeb979022ecd1398ec9bc4eb16f14c8c3ef4af2cbf0cabe,709ee978-ce42-49c1-8581-02432f272358
76ea1ac8-341c-48f5-9e42-81f8d6d33f0b,TradeBlockChain/76ea1ac8-341c-48f5-9e42-81f8d6d33f0b,_h8mirVC---,2024-03-15,_h8l1F0u---,fd9d1053-8d63-4f47-913b-90662727c651,a9c21cb19492491bd3628e343d9ab707a86cf1cd198767cb75674da8d69416db,6c5b390e8912dfebea54415f437d7bae87ab5397d7b7372ea8cd147f19581eb3,5f7db48e-5ea1-429c-8e1f-0c7267d76c41
3b80422c-7e00-48bf-8389-2a7487b54e50,TradeBlockChain/3b80422c-7e00-48bf-8389-2a7487b54e50,_h8mirVG---,2024-03-15,_h8l1F0a---,e436087c-ff3a-480f-a58e-cf27d9867cf0,1907f5b253e9eba4a0ead562618dcdcc275718ce3856dc16491323c91e2a97e0,b67f5f2178678154a2b0258bac40407e58a00ca5e15a3511d74789deb1b3b7fb,fd9d1053-8d63-4f47-913b-90662727c651
006831cf-9134-4f17-ada0-b510fee0b2f1,TradeBlockChain/006831cf-9134-4f17-ada0-b510fee0b2f1,_h8mirVK---,2024-03-15,_h8l1F2u---,5e84ac2f-3f81-4643-b892-266237d7d421,a9c21cb19492491bd3628e343d9ab707a86cf1cd198767cb75674da8d69416db,11bb9285f3d35673c5d5e9fb04005600f49bc13de7f9e358c42d778a0c794edd,e436087c-ff3a-480f-a58e-cf27d9867cf0
db79db27-7cb4-43ed-9fe7-12cf2bcbbc8f,TradeBlockChain/db79db27-7cb4-43ed-9fe7-12cf2bcbbc8f,_h8mirVO---,2024-03-15,_h8l1F1----,9f81244c-db6e-42f3-b614-1181661b9e99,a9c21cb19492491bd3628e343d9ab707a86cf1cd198767cb75674da8d69416db,681d7affce2fc5aac1b17afc1e7946b5d865b8ac8139962ca203e7ae8a9fee87,5e84ac2f-3f81-4643-b892-266237d7d421
b69c0647-797f-4a28-b0ef-18a9e6fab521,TradeBlockChain/b69c0647-797f-4a28-b0ef-18a9e6fab521,_h8mirVS---,2024-03-15,_h8l1FlG---,4fba08d5-80bd-4d62-a507-d6650f6414d7,9ba624a36dbef00e2e1b53050428991ccded2b7892f857bed2ba16ef7daca4f5,4d0134d965683023e4c7ed38dbd0b7db58a402b59ca77baa14a97297d93c8119,9f81244c-db6e-42f3-b614-1181661b9e99
bbd33384-a937-44ff-bc70-548cf8ff8271,TradeBlockChain/bbd33384-a937-44ff-bc70-548cf8ff8271,_h8mirVW---,2024-03-15,_h8l1Fky---,837fadcd-3b15-4150-b7ec-437f02fed6df,815124e2373ca4368d508c58f3f8842f07ebf9da444b3ef083aa6da76b0131ca,34e7864f834601032bda6766beaee3bebb9d616aa3c5b38cb0f02d9f56ca772f,4fba08d5-80bd-4d62-a507-d6650f6414d7
449c1d2b-750c-48e8-9c05-e4d0bd6c01ac,TradeBlockChain/449c1d2b-750c-48e8-9c05-e4d0bd6c01ac,_h8mirVa---,2024-03-15,_h8l1FuW---,fdcea2ee-352a-446b-8a03-146928a70e0a,f0b8a8ca6547497ee8e4a25a1d86b9b0f559ca4f0d493f22b27588f23e8b1172,e3414f00a0b431f2d44617ade30ee70ffc6c7d742185cd372096dab861609ad9,837fadcd-3b15-4150-b7ec-437f02fed6df
98f8f9ff-491c-4dab-b32a-5da5cfcbde68,TradeBlockChain/98f8f9ff-491c-4dab-b32a-5da5cfcbde68,_h8mirVe---,2024-03-15,_h8l1FuG---,f8fd9a8a-5320-4ae2-82a3-983aab9bfe0e,f0b8a8ca6547497ee8e4a25a1d86b9b0f559ca4f0d493f22b27588f23e8b1172,83d8366d62ee4d8992b85e149f4c1cdd7de006b6f0f842ecdbac337e7b6ed62c,fdcea2ee-352a-446b-8a03-146928a70e0a
a97021d0-1fe6-4dcf-8488-cc25fb33692f,TradeBlockChain/a97021d0-1fe6-4dcf-8488-cc25fb33692f,_h8mirVi---,2024-03-15,_h8l1GKG---,c9d3b0a9-314f-4c06-85c7-d55e760ef6b9,a6732224f64359ef038583b9cf9a56fe3b4937763ca674583362c6001069e4f2,11e8030e7258d30b7a8637015ed21597a9c976076bf8f1406fec75a7be46cbed,f8fd9a8a-5320-4ae2-82a3-983aab9bfe0e
31e1bd63-f000-4798-a279-ef52d911831c,TradeBlockChain/31e1bd63-f000-4798-a279-ef52d911831c,_h8mirVm---,2024-03-15,_h8l1GKq---,79ac1a77-6973-48a0-8129-abc725faed0c,fec33c9bc3fd095680ecb718def8b85db485a38438a2a132acc20e56cd579a74,7f010ec47cf6ae35d03158550beb9d0b4e35a3950b3ce8a3631f42527cf14507,c9d3b0a9-314f-4c06-85c7-d55e760ef6b9
b05773cf-65c2-4618-86e2-498ec725bb1a,TradeBlockChain/b05773cf-65c2-4618-86e2-498ec725bb1a,_h8mirVu---,2024-03-15,_h8l1GKa---,67d467c4-dfab-436e-9e0d-f0a6e0e24559,fec33c9bc3fd095680ecb718def8b85db485a38438a2a132acc20e56cd579a74,7972f8f7979aceff4a0aff156711714627fb674f28921070fe984e71e5285ba6,79ac1a77-6973-48a0-8129-abc725faed0c
0a0ac287-7c65-44cc-a745-804642f58905,TradeBlockChain/0a0ac287-7c65-44cc-a745-804642f58905,_h8mirVy---,2024-03-15,_h8l1GGm---,56a734f7-66a6-46eb-b185-4a525c6d1d6b,b2f082a28a08990da8352d52fe12fedcb6776d1b6318955ab5e731dafa197fe8,5f94d8b3fd4219d45d55d0a6e62187a6d49ea8962b3295549503fec223c3c606,67d467c4-dfab-436e-9e0d-f0a6e0e24559
9675cc97-0783-4029-9e97-2aa40f88c2c4,TradeBlockChain/9675cc97-0783-4029-9e97-2aa40f88c2c4,_h8mirV2---,2024-03-15,_h8l1GFy---,d2316c68-9375-4f23-be27-b5cf3bbfa673,a9eb71400be66875b8995917f9963282b7c233e5a051f5dc16238334193074c2,0252abad85de5486664486bc256dabaf16389d60c6638f137431c3385778aa6c,56a734f7-66a6-46eb-b185-4a525c6d1d6b
8a3f661d-f447-4f6e-b6ce-7a53f2c82597,TradeBlockChain/8a3f661d-f447-4f6e-b6ce-7a53f2c82597,_h8mirV6---,2024-03-15,_h8l1GGS---,2dce3158-9b95-4c75-b052-40b0e7f979be,8b8fc1180f2ed726a91dbfbe29bb8efd3a08c057c0b4c45ee2d5a53d63956a78,37781c26e0056ed437987de587b0c2c335cba8070b5a3240e7e90bb5f33e9cce,d2316c68-9375-4f23-be27-b5cf3bbfa673
24d182dc-659c-45ed-a1fa-c59651888c69,TradeBlockChain/24d182dc-659c-45ed-a1fa-c59651888c69,_h8mirW----,2024-03-15,_h8l1GGC---,d45c29dd-a93e-4470-8dba-3d7d139f402b,8b8fc1180f2ed726a91dbfbe29bb8efd3a08c057c0b4c45ee2d5a53d63956a78,ca8d66838e93e49f6cd3d4ca4f466d697d534af2030309d5c49ecaccbaaadbb6,2dce3158-9b95-4c75-b052-40b0e7f979be
b023d583-833b-45f4-9475-fd3e4544be32,TradeBlockChain/b023d583-833b-45f4-9475-fd3e4544be32,_h8mirWC---,2024-03-15,_h8l1FxO---,55565701-354b-4311-a0d1-e9a704e6b394,e0d6805acd8ab8e22c4b1302cc50b72f6f1723b96ec625c55a232a24df2371d4,0dce7b6f4bbba28b672d7d7601a6b0a9c702bdba3ed74a8772d8a61e25000644,d45c29dd-a93e-4470-8dba-3d7d139f402b
2f15801b-e289-49bd-a4ec-5ec4edcdb799,TradeBlockChain/2f15801b-e289-49bd-a4ec-5ec4edcdb799,_h8mirWG---,2024-03-15,_h8l1Fxe---,70f08079-bbc6-4b6c-b97b-6c5cd70aba5c,0579dfde54353905d624301b035ae00b647781962af29cbcaa0d708f64660c74,2da0318b1884c5cd76762e69f0c5dd47078791c335350b8f222d7b0a209bcb82,55565701-354b-4311-a0d1-e9a704e6b394
64f46141-3e61-40e8-a821-b311c91575ef,TradeBlockChain/64f46141-3e61-40e8-a821-b311c91575ef,_h8mirWK---,2024-03-15,_h8l1Fx----,ef0cdc60-c8d6-4410-a982-b53a5b388f69,dec02323e84f1f37af422f48fbc2ea81a5dafd591a6ade327e36fb36c42ef3b4,ed3fe29b9996cc0ba7fe09136ca68b3edf68b411ba915c3041713180f44a0c75,70f08079-bbc6-4b6c-b97b-6c5cd70aba5c
228eced8-46bc-46d2-80f0-bf30e598f98d,TradeBlockChain/228eced8-46bc-46d2-80f0-bf30e598f98d,_h8mirWO---,2024-03-15,_h8l1GIS---,47c65c5c-7777-4551-b6be-bb501a299915,e25782b7a1d27bce76c7f448ea7768bd3a3c8cc287e925f794bc4d7fbfec2c3a,187bfbe6c943a65fd2cece831daf6048963edf5e849b37469f15a1df91db7247,ef0cdc60-c8d6-4410-a982-b53a5b388f69
a4962722-b33c-47bb-a6bf-baf772dac3ff,TradeBlockChain/a4962722-b33c-47bb-a6bf-baf772dac3ff,_h8mirWS---,2024-03-15,_h8l1GJ----,8cf83639-dd6e-468c-8059-c0ff42df2b32,e25782b7a1d27bce76c7f448ea7768bd3a3c8cc287e925f794bc4d7fbfec2c3a,1704ed1b57696f566f0d491cf01fe045ce6eb45bb94a38e6aab387a6414792e4,47c65c5c-7777-4551-b6be-bb501a299915
9aaf40dd-8685-43bd-9c49-95f2484a8f3e,TradeBlockChain/9aaf40dd-8685-43bd-9c49-95f2484a8f3e,_h8mirWa---,2024-03-15,_h8l1GIm---,e9556a3f-52cc-41a9-a0e4-da7dac93a42c,e25782b7a1d27bce76c7f448ea7768bd3a3c8cc287e925f794bc4d7fbfec2c3a,d19cd1f1167fcb582ca07ff59f5ff2e2240c65179cf8b2aaec195b9123ba4b6a,8cf83639-dd6e-468c-8059-c0ff42df2b32
7992e994-715c-4c70-94aa-b329c2d1eb2e,TradeBlockChain/7992e994-715c-4c70-94aa-b329c2d1eb2e,_h8mirWe---,2024-03-15,_h8l1F5y---,bd30e928-5dc7-4c83-9a03-cd92ee624c2b,0e67595b977b80229c8079e6d438336d5b303f253eb8c4dc415394c7d1e5ac3b,a83d45de89def39f9977f18f7b67b0a32e002c1060114ee968f3d6fbfd2e1105,e9556a3f-52cc-41a9-a0e4-da7dac93a42c
bfb07b30-6418-4288-8adb-fb9e7e495838,TradeBlockChain/bfb07b30-6418-4288-8adb-fb9e7e495838,_h8mirWi---,2024-03-15,_h8l1F5S---,25aa8b4e-7c21-4553-94e6-914b822da789,31b68d929ad2daed71083ebeb4cb0b75a35b5ff530dcf7885675703d4b84c453,dc1cabd9d44e25fefd5bca967bf6479f40c138f75f3edac885d07db2916dc5f2,bd30e928-5dc7-4c83-9a03-cd92ee624c2b
f02a720e-4679-4a5f-a497-e0852714e572,TradeBlockChain/f02a720e-4679-4a5f-a497-e0852714e572,_h8mirWm---,2024-03-15,_h8l1F5i---,a414fd52-0dc2-4544-ba9c-17f5a7638106,31b68d929ad2daed71083ebeb4cb0b75a35b5ff530dcf7885675703d4b84c453,d18a69f2e36cf2a74b663b048111607523d7ab569b4b45a7e45ef0f973aee9f6,25aa8b4e-7c21-4553-94e6-914b822da789
2ce52748-e8b6-4f8c-add1-c1eeceddd1fd,TradeBlockChain/2ce52748-e8b6-4f8c-add1-c1eeceddd1fd,_h8mirWq---,2024-03-15,_h8l1GLi---,bb880539-19c7-4204-a3af-02c4a303140a,b65280b040dc8f3602ceb1bf67c52922fe3bcb47af6c694513d56d3939494474,d45c97bb76abeb429be57897b47c1b4ab4c3adeff22762edbc7e6fabcabf3bd0,a414fd52-0dc2-4544-ba9c-17f5a7638106
